-- MySQL dump 10.13  Distrib 8.2.0, for macos13.5 (x86_64)
--
-- Host: localhost    Database: imdb
-- ------------------------------------------------------
-- Server version	8.2.0

/*!40101 SET @OLD_CHARACTER_SET_CLIENT=@@CHARACTER_SET_CLIENT */;
/*!40101 SET @OLD_CHARACTER_SET_RESULTS=@@CHARACTER_SET_RESULTS */;
/*!40101 SET @OLD_COLLATION_CONNECTION=@@COLLATION_CONNECTION */;
/*!50503 SET NAMES utf8mb4 */;
/*!40103 SET @OLD_TIME_ZONE=@@TIME_ZONE */;
/*!40103 SET TIME_ZONE='+00:00' */;
/*!40014 SET @OLD_UNIQUE_CHECKS=@@UNIQUE_CHECKS, UNIQUE_CHECKS=0 */;
/*!40014 SET @OLD_FOREIGN_KEY_CHECKS=@@FOREIGN_KEY_CHECKS, FOREIGN_KEY_CHECKS=0 */;
/*!40101 SET @OLD_SQL_MODE=@@SQL_MODE, SQL_MODE='NO_AUTO_VALUE_ON_ZERO' */;
/*!40111 SET @OLD_SQL_NOTES=@@SQL_NOTES, SQL_NOTES=0 */;

--
-- Table structure for table `cast`
--

DROP TABLE IF EXISTS `cast`;
/*!40101 SET @saved_cs_client     = @@character_set_client */;
/*!50503 SET character_set_client = utf8mb4 */;
CREATE TABLE `cast` (
  `id` int NOT NULL AUTO_INCREMENT,
  `Movie_id` varchar(8) DEFAULT NULL,
  `Person_id` varchar(8) DEFAULT NULL,
  PRIMARY KEY (`id`),
  KEY `Movie_id` (`Movie_id`),
  KEY `Person_id` (`Person_id`),
  CONSTRAINT `cast_ibfk_1` FOREIGN KEY (`Movie_id`) REFERENCES `movie` (`Movie_id`),
  CONSTRAINT `cast_ibfk_2` FOREIGN KEY (`Person_id`) REFERENCES `person` (`id`)
) ENGINE=InnoDB AUTO_INCREMENT=751 DEFAULT CHARSET=utf8mb4 COLLATE=utf8mb4_0900_ai_ci;
/*!40101 SET character_set_client = @saved_cs_client */;

--
-- Dumping data for table `cast`
--

LOCK TABLES `cast` WRITE;
/*!40000 ALTER TABLE `cast` DISABLE KEYS */;
INSERT INTO `cast` VALUES (1,'0111161','0000209'),(2,'0111161','0000151'),(3,'0111161','0348409'),(4,'0068646','0000008'),(5,'0068646','0000199'),(6,'0068646','0001001'),(7,'0468569','0000288'),(8,'0468569','0005132'),(9,'0468569','0001173'),(10,'0071562','0000199'),(11,'0071562','0000134'),(12,'0071562','0000380'),(13,'0050083','0000020'),(14,'0050083','0002011'),(15,'0050083','0000842'),(16,'0108052','0000553'),(17,'0108052','0000146'),(18,'0108052','0001426'),(19,'0167260','0000704'),(20,'0167260','0001557'),(21,'0167260','0005212'),(22,'0110912','0000237'),(23,'0110912','0000235'),(24,'0110912','0000168'),(25,'0120737','0000704'),(26,'0120737','0005212'),(27,'0120737','0089217'),(28,'0060196','0000142'),(29,'0060196','0908919'),(30,'0060196','0001812'),(31,'0109830','0000158'),(32,'0109830','0000705'),(33,'0109830','0000641'),(34,'0137523','0000093'),(35,'0137523','0001570'),(36,'0137523','0001533'),(37,'0167261','0000704'),(38,'0167261','0005212'),(39,'0167261','0001557'),(40,'1375666','0000138'),(41,'1375666','0330687'),(42,'1375666','0680983'),(43,'0080684','0000434'),(44,'0080684','0000148'),(45,'0080684','0000402'),(46,'0133093','0000206'),(47,'0133093','0000401'),(48,'0133093','0005251'),(49,'0099685','0000134'),(50,'0099685','0000501'),(51,'0099685','0000582'),(52,'0073486','0000197'),(53,'0073486','0001221'),(54,'0073486','0077720'),(55,'0114369','0000151'),(56,'0114369','0000093'),(57,'0114369','0000228'),(58,'0038650','0000071'),(59,'0038650','0001656'),(60,'0038650','0000859'),(61,'0816692','0000190'),(62,'0816692','0004266'),(63,'0816692','1567113'),(64,'0047478','0001536'),(65,'0047478','0793766'),(66,'0047478','0875477'),(67,'0102926','0000149'),(68,'0102926','0000164'),(69,'0102926','0001277'),(70,'0120815','0000158'),(71,'0120815','0000354'),(72,'0120815','0001744'),(73,'0317248','1179105'),(74,'0317248','1129884'),(75,'0317248','0618690'),(76,'0118799','0000905'),(77,'0118799','0000971'),(78,'0118799','0134493'),(79,'0120689','0000158'),(80,'0120689','0003817'),(81,'0120689','0001556'),(82,'0103064','0000216'),(83,'0103064','0000157'),(84,'0103064','0000411'),(85,'0076759','0000434'),(86,'0076759','0000148'),(87,'0076759','0000402'),(88,'9362722','4271336'),(89,'9362722','2794962'),(90,'9362722','3109964'),(91,'0088763','0000150'),(92,'0088763','0000502'),(93,'0088763','0000670'),(94,'0245429','0153738'),(95,'0245429','0687189'),(96,'0245429','0997115'),(97,'0253474','0004778'),(98,'0253474','0470981'),(99,'0253474','0277975'),(100,'6751668','0814280'),(101,'6751668','1310525'),(102,'6751668','1856097'),(103,'0054215','0000578'),(104,'0054215','0001463'),(105,'0054215','0587256'),(106,'0172495','0000128'),(107,'0172495','0001618'),(108,'0172495','0001567'),(109,'0110357','0000111'),(110,'0110357','0000460'),(111,'0110357','0000469'),(112,'0110413','0000606'),(113,'0110413','0000198'),(114,'0110413','0000204'),(115,'0407887','0000138'),(116,'0407887','0000354'),(117,'0407887','0000197'),(118,'0120586','0001570'),(119,'0120586','0000411'),(120,'0120586','0000350'),(121,'2582802','1886602'),(122,'2582802','0799777'),(123,'2582802','2552034'),(124,'0482571','0000288'),(125,'0482571','0413168'),(126,'0482571','0424060'),(127,'0095327','0851302'),(128,'0095327','0794186'),(129,'0095327','0945312'),(130,'0056058','0619938'),(131,'0056058','0410968'),(132,'0056058','0412615'),(133,'0114814','0000228'),(134,'0114814','0000321'),(135,'0114814','0001590'),(136,'0034583','0000007'),(137,'0034583','0000006'),(138,'0034583','0002134'),(139,'1675434','0167388'),(140,'1675434','1082477'),(141,'1675434','0494504'),(142,'0027977','0000122'),(143,'0027977','0002104'),(144,'0027977','0074788'),(145,'0095765','0634159'),(146,'0095765','0134073'),(147,'0095765','0041066'),(148,'0047396','0000071'),(149,'0047396','0000038'),(150,'0047396','0179819'),(151,'0064116','0000020'),(152,'0064116','0000314'),(153,'0064116','0001012'),(154,'0078748','0000244'),(155,'0078748','0000643'),(156,'0078748','0000457'),(157,'23849204','5447706'),(158,'23849204','10791162'),(159,'23849204','9744869'),(160,'0021749','0000122'),(161,'0021749','0156039'),(162,'0021749','5681967'),(163,'0078788','0000640'),(164,'0078788','0000008'),(165,'0078788','0000380'),(166,'1853728','0004937'),(167,'1853728','0910607'),(168,'1853728','0000138'),(169,'0209144','0001602'),(170,'0209144','0005251'),(171,'0209144','0001592'),(172,'0910970','0123785'),(173,'0910970','2264184'),(174,'0910970','0307531'),(175,'0082971','0000148'),(176,'0082971','0000261'),(177,'0082971','0293550'),(178,'0405094','0618057'),(179,'0405094','0311476'),(180,'0405094','0462407'),(181,'0043014','0000034'),(182,'0043014','0841797'),(183,'0043014','0002233'),(184,'0050825','0000018'),(185,'0050825','0576127'),(186,'0050825','0579663'),(187,'4154756','0000375'),(188,'4154756','1165110'),(189,'4154756','0749263'),(190,'4633694','4271336'),(191,'4633694','2159926'),(192,'4633694','2794962'),(193,'0081505','0000197'),(194,'0081505','0001167'),(195,'0081505','0515950'),(196,'0051201','0000061'),(197,'0051201','0000017'),(198,'0051201','0001452'),(199,'0032553','0000122'),(200,'0032553','0002104'),(201,'0032553','0642988'),(202,'0090605','0000244'),(203,'0090605','0000299'),(204,'0090605','0001343'),(205,'0361748','0000093'),(206,'0361748','1208167'),(207,'0361748','0744834'),(208,'1345836','0000288'),(209,'1345836','0362766'),(210,'1345836','0004266'),(211,'0169547','0000228'),(212,'0169547','0000906'),(213,'0169547','0000301'),(214,'0057012','0000634'),(215,'0057012','0001715'),(216,'0057012','0001330'),(217,'0364569','0158856'),(218,'0364569','0949167'),(219,'0364569','1367246'),(220,'2380307','5645519'),(221,'2380307','0305558'),(222,'2380307','0000973'),(223,'0086879','0000719'),(224,'0086879','0001371'),(225,'0086879','0000931'),(226,'0114709','0000158'),(227,'0114709','0000741'),(228,'0114709','0725543'),(229,'15398776','0614165'),(230,'15398776','1289434'),(231,'15398776','0000354'),(232,'0082096','0001638'),(233,'0082096','0344963'),(234,'0082096','0921044'),(235,'0112573','0000154'),(236,'0112573','0000521'),(237,'0112573','0001526'),(238,'4154796','0000375'),(239,'4154796','0262635'),(240,'4154796','0749263'),(241,'7286456','0001618'),(242,'7286456','0000134'),(243,'7286456','5939164'),(244,'0119698','0559444'),(245,'0119698','0410942'),(246,'0119698','0849100'),(247,'0119217','0000245'),(248,'0119217','0000354'),(249,'0119217','0000255'),(250,'5311514','1126340'),(251,'5311514','4759838'),(252,'5311514','6954008'),(253,'0087843','0000134'),(254,'0087843','0000249'),(255,'0087843','0001527'),(256,'1187043','0451148'),(257,'1187043','0534856'),(258,'1187043','1587175'),(259,'0057565','0001536'),(260,'0057565','0755403'),(261,'0057565','0619938'),(262,'0045152','0000037'),(263,'0045152','0640307'),(264,'0045152','0001666'),(265,'8267604','9862858'),(266,'8267604','9862859'),(267,'8267604','9862860'),(268,'0180093','0000995'),(269,'0180093','0001467'),(270,'0180093','0000124'),(271,'0091251','0470385'),(272,'0091251','0592500'),(273,'0091251','0490708'),(274,'0435761','0000158'),(275,'0435761','0000741'),(276,'0435761','0000349'),(277,'0086190','0000434'),(278,'0086190','0000148'),(279,'0086190','0000402'),(280,'0338013','0000120'),(281,'0338013','0000701'),(282,'0338013','0929489'),(283,'2106476','0586568'),(284,'2106476','0488917'),(285,'2106476','5038871'),(286,'0062622','0001158'),(287,'0062622','0516972'),(288,'0062622','0843213'),(289,'0105236','0000172'),(290,'0105236','0000619'),(291,'0105236','0000514'),(292,'0044741','0793766'),(293,'0044741','0437520'),(294,'0044741','0385443'),(295,'0056172','0000564'),(296,'0056172','0000027'),(297,'0056172','0000063'),(298,'0053604','0000493'),(299,'0053604','0000511'),(300,'0053604','0534045'),(301,'0033467','0000080'),(302,'0033467','0001072'),(303,'0033467','0173827'),(304,'0053125','0000026'),(305,'0053125','0001693'),(306,'0053125','0000051'),(307,'0022100','0000048'),(308,'0022100','0927145'),(309,'0022100','0484737'),(310,'0052357','0000071'),(311,'0052357','0001571'),(312,'0052357','0000895'),(313,'0036775','0534045'),(314,'0036775','0001766'),(315,'0036775','0000064'),(316,'0086250','0000199'),(317,'0086250','0000201'),(318,'0086250','0000874'),(319,'0211915','0851582'),(320,'0211915','0440913'),(321,'0211915','0749363'),(322,'14230458','1297015'),(323,'14230458','0749263'),(324,'14230458','0000353'),(325,'1255953','0044073'),(326,'1255953','0246386'),(327,'1255953','0309945'),(328,'0093058','0000546'),(329,'0093058','0000388'),(330,'0093058','0000352'),(331,'0066921','0000532'),(332,'0066921','0535861'),(333,'0066921','0060988'),(334,'0113277','0000199'),(335,'0113277','0000134'),(336,'0113277','0000174'),(337,'1049413','0000799'),(338,'1049413','2973712'),(339,'1049413','0001652'),(340,'0056592','0000060'),(341,'0056592','0576345'),(342,'0056592','0653942'),(343,'0070735','0000056'),(344,'0070735','0000602'),(345,'0070735','0001727'),(346,'1832382','1818216'),(347,'1832382','0368689'),(348,'1832382','4299147'),(349,'0097576','0000148'),(350,'0097576','0000125'),(351,'0097576','0233145'),(352,'8503618','0592135'),(353,'8503618','5623883'),(354,'8503618','1502434'),(355,'0095016','0000246'),(356,'0095016','0000614'),(357,'0095016','0000889'),(358,'0017136','0375609'),(359,'0017136','0002154'),(360,'0017136','0297054'),(361,'0986264','2594301'),(362,'0986264','0451148'),(363,'0986264','2540053'),(364,'0208092','0005458'),(365,'0208092','0000093'),(366,'0208092','0334318'),(367,'0040522','0536009'),(368,'0040522','0821543'),(369,'0040522','0136794'),(370,'0119488','0000228'),(371,'0119488','0000128'),(372,'0119488','0001602'),(373,'8579674','2835616'),(374,'8579674','1126657'),(375,'8579674','0990547'),(376,'0075314','0000134'),(377,'0075314','0000149'),(378,'0075314','0001732'),(379,'0363163','0004486'),(380,'0363163','0487884'),(381,'0363163','0559890'),(382,'5074352','0451148'),(383,'5074352','2799219'),(384,'5074352','0760778'),(385,'0059578','0000142'),(386,'0059578','0001812'),(387,'0059578','0002231'),(388,'0372784','0000288'),(389,'0372784','0000323'),(390,'0372784','0913822'),(391,'0053291','0000054'),(392,'0053291','0000348'),(393,'0053291','0000493'),(394,'0993846','0000138'),(395,'0993846','1706767'),(396,'0993846','3053338'),(397,'0012349','0000122'),(398,'0012349','0701012'),(399,'0012349','0001067'),(400,'6966692','0001557'),(401,'6966692','0991810'),(402,'6966692','0004802'),(403,'10272386','0000164'),(404,'10272386','1469236'),(405,'10272386','0309693'),(406,'1745960','0000129'),(407,'1745960','0000124'),(408,'1745960','1886602'),(409,'0042192','0000012'),(410,'0042192','0000879'),(411,'0042192','0001695'),(412,'0055031','0000075'),(413,'0055031','0000044'),(414,'0055031','0001847'),(415,'0120382','0000120'),(416,'0120382','0000438'),(417,'0120382','0001473'),(418,'0469494','0000358'),(419,'0469494','0200452'),(420,'0469494','0001354'),(421,'1130884','0000138'),(422,'1130884','0607865'),(423,'1130884','0749263'),(424,'0112641','0000134'),(425,'0112641','0000232'),(426,'0112641','0000582'),(427,'0089881','0619938'),(428,'0089881','0855417'),(429,'0089881','0628704'),(430,'0107290','0000554'),(431,'0107290','0000368'),(432,'0107290','0000156'),(433,'0167404','0000246'),(434,'0167404','0005286'),(435,'0167404','0001057'),(436,'0457430','1419440'),(437,'0457430','0317725'),(438,'0457430','0530365'),(439,'0105695','0000142'),(440,'0105695','0000432'),(441,'0105695','0000151'),(442,'0268978','0000128'),(443,'0268978','0000438'),(444,'0268978','0000124'),(445,'0477348','0000169'),(446,'0477348','0000849'),(447,'0477348','0000982'),(448,'0040897','0000007'),(449,'0040897','0404158'),(450,'0040897','0392529'),(451,'0055630','0001536'),(452,'0055630','0867391'),(453,'0055630','0619938'),(454,'0084787','0000621'),(455,'0084787','0000979'),(456,'0084787','0202966'),(457,'0266697','0000235'),(458,'0266697','0001016'),(459,'0266697','0000435'),(460,'0071853','0001037'),(461,'0071853','0000092'),(462,'0071853','0001385'),(463,'0057115','0000537'),(464,'0057115','0001258'),(465,'0057115','0000277'),(466,'0266543','0000983'),(467,'0266543','0001122'),(468,'0266543','1071252'),(469,'0042876','0001536'),(470,'0042876','0477553'),(471,'0042876','0605270'),(472,'0080678','0000164'),(473,'0080678','0000457'),(474,'0080678','0000843'),(475,'0347149','0047962'),(476,'0347149','0454120'),(477,'0347149','0309107'),(478,'0071315','0000197'),(479,'0071315','0001159'),(480,'0071315','0001379'),(481,'1392214','0413168'),(482,'1392214','0350453'),(483,'1392214','0205626'),(484,'0046912','0001537'),(485,'0046912','0000038'),(486,'0046912','0191950'),(487,'0031381','0000022'),(488,'0031381','0000046'),(489,'0031381','0593775'),(490,'0434409','0915989'),(491,'0434409','0000204'),(492,'0434409','0001291'),(493,'0120735','0002076'),(494,'0120735','0002077'),(495,'0120735','0602941'),(496,'1305806','0201857'),(497,'1305806','0897845'),(498,'1305806','0706567'),(499,'0081398','0000134'),(500,'0081398','0001550'),(501,'0081398','0000582'),(502,'2096673','0688132'),(503,'2096673','0352778'),(504,'2096673','0085400'),(505,'5027774','0000531'),(506,'5027774','0000437'),(507,'5027774','0005377'),(508,'0117951','0000191'),(509,'0117951','0001971'),(510,'0117951','0001538'),(511,'0050212','0000034'),(512,'0050212','0000027'),(513,'0050212','0370144'),(514,'10872600','4043618'),(515,'10872600','3918035'),(516,'10872600','1212722'),(517,'0116282','0000513'),(518,'0116282','0000531'),(519,'0116282','0000114'),(520,'23289160','4947538'),(521,'23289160','2747232'),(522,'23289160','1126340'),(523,'1291584','0362766'),(524,'1291584','0000560'),(525,'1291584','0249291'),(526,'4729430','0005403'),(527,'4729430','0799777'),(528,'4729430','0429069'),(529,'0264464','0000138'),(530,'0264464','0000158'),(531,'0264464','0000686'),(532,'1205489','0000142'),(533,'1205489','3057402'),(534,'1205489','1542291'),(535,'0096283','0847054'),(536,'0096283','0383022'),(537,'0096283','0757076'),(538,'0405159','0005476'),(539,'0405159','0000142'),(540,'0405159','0000151'),(541,'1201607','0705356'),(542,'1201607','0914612'),(543,'1201607','0342488'),(544,'0118849','0619870'),(545,'0118849','0268488'),(546,'0118849','0781245'),(547,'0083658','0000148'),(548,'0083658','0000442'),(549,'0083658','0000707'),(550,'2024544','0252230'),(551,'2024544','0931324'),(552,'2024544','1055413'),(553,'0112471','0000160'),(554,'0112471','0000365'),(555,'0112471','0248600'),(556,'2278388','0000146'),(557,'2278388','0000719'),(558,'2278388','0023832'),(559,'0052618','0000032'),(560,'0052618','0370144'),(561,'0052618','0000963'),(562,'0072684','0641939'),(563,'0072684','0001943'),(564,'0072684','0535861'),(565,'2267998','0000255'),(566,'2267998','0683253'),(567,'2267998','0000439'),(568,'0015864','0000122'),(569,'0015864','0841501'),(570,'0015864','0615306'),(571,'2119532','1940449'),(572,'2119532','0941777'),(573,'2119532','3478396'),(574,'0107207','0000358'),(575,'0107207','0000592'),(576,'0107207','0188949'),(577,'0353969','0814280'),(578,'0353969','1235292'),(579,'0353969','1323287'),(580,'0047296','0000008'),(581,'0047296','0001500'),(582,'0047296','0002011'),(583,'0017925','0000036'),(584,'0017925','0533045'),(585,'0017925','0147070'),(586,'0077416','0000134'),(587,'0077416','0000686'),(588,'0077416','0001030'),(589,'0097165','0000245'),(590,'0097165','0000494'),(591,'0097165','0000160'),(592,'3011894','0334882'),(593,'3011894','0555404'),(594,'3011894','0897640'),(595,'1392190','0362766'),(596,'1392190','0000234'),(597,'1392190','0396558'),(598,'0050986','0803705'),(599,'0050986','0000761'),(600,'0050986','0862026'),(601,'0015324','0000036'),(602,'0015324','0570230'),(603,'0015324','0444172'),(604,'0041959','0000080'),(605,'0041959','0001072'),(606,'0041959','0885098'),(607,'0046268','0598971'),(608,'0046268','0889024'),(609,'0046268','0886870'),(610,'0198781','0000345'),(611,'0198781','0000422'),(612,'0198781','0316701'),(613,'0073195','0001702'),(614,'0073195','0001727'),(615,'0073195','0000377'),(616,'0892769','0059431'),(617,'0892769','0124930'),(618,'0892769','2395586'),(619,'0031679','0000071'),(620,'0031679','0000795'),(621,'0031679','0001647'),(622,'0978762','0001057'),(623,'0978762','0000450'),(624,'0978762','0051509'),(625,'1950186','0000354'),(626,'1950186','0000288'),(627,'1950186','1256532'),(628,'0382932','0004951'),(629,'0382932','0738918'),(630,'0382932','0652663'),(631,'0050976','0001884'),(632,'0050976','0085038'),(633,'0050976','0252345'),(634,'3170832','0488953'),(635,'3170832','5016878'),(636,'3170832','0108703'),(637,'0118715','0000313'),(638,'0118715','0000422'),(639,'0118715','0000194'),(640,'0046438','0753479'),(641,'0046438','0383261'),(642,'0046438','0945522'),(643,'0075148','0000230'),(644,'0075148','0001735'),(645,'0075148','0949350'),(646,'0395169','0000332'),(647,'0395169','0645683'),(648,'0395169','0001618'),(649,'3315342','0413168'),(650,'3315342','0001772'),(651,'3315342','6748436'),(652,'1895587','0749263'),(653,'1895587','0000474'),(654,'1895587','1046097'),(655,'0091763','0000221'),(656,'0091763','0000297'),(657,'0091763','0000353'),(658,'0019254','0266029'),(659,'0019254','0798564'),(660,'0019254','0075551'),(661,'0088247','0000216'),(662,'0088247','0000157'),(663,'0088247','0000299'),(664,'15097216','1421814'),(665,'15097216','7934649'),(666,'15097216','8904193'),(667,'0381681','0000160'),(668,'0381681','0000365'),(669,'0381681','0229943'),(670,'0036868','0001485'),(671,'0036868','0000763'),(672,'0036868','0545298'),(673,'0113247','0001993'),(674,'0113247','0468003'),(675,'0113247','0846548'),(676,'1979320','0117709'),(677,'1979320','1165110'),(678,'1979320','1312575'),(679,'0074958','0001159'),(680,'0074958','0000034'),(681,'0074958','0002075'),(682,'0070047','0000995'),(683,'0070047','0001884'),(684,'0070047','0000304'),(685,'0092005','0000696'),(686,'0092005','0000203'),(687,'0092005','0000397'),(688,'0325980','0000136'),(689,'0325980','0001691'),(690,'0325980','0089217'),(691,'0032138','0000023'),(692,'0032138','0604656'),(693,'0032138','0001961'),(694,'0317705','0005266'),(695,'0317705','0000168'),(696,'0317705','0000456'),(697,'0758758','0386472'),(698,'0758758','0000681'),(699,'0758758','0001416'),(700,'1028532','0000152'),(701,'1028532','0000260'),(702,'1028532','0846480'),(703,'4016934','1195119'),(704,'4016934','1978402'),(705,'4016934','2437361'),(706,'0035446','0001479'),(707,'0035446','0000912'),(708,'0035446','0821041'),(709,'0476735','1002038'),(710,'0476735','0476334'),(711,'0476735','0406157'),(712,'0032551','0000020'),(713,'0032551','0002034'),(714,'0032551','0001017'),(715,'0058946','0352835'),(716,'0058946','0552483'),(717,'0058946','0754272'),(718,'0107048','0000195'),(719,'0107048','0000510'),(720,'0107048','0254402'),(721,'0059742','0000267'),(722,'0059742','0001626'),(723,'0059742','0662223'),(724,'0245712','0248408'),(725,'0245712','0305558'),(726,'0245712','0865949'),(727,'0032976','0000059'),(728,'0032976','0000021'),(729,'0032976','0001695'),(730,'0061512','0000056'),(731,'0061512','0001421'),(732,'0061512','0001510'),(733,'0129167','0547349'),(734,'0129167','0001065'),(735,'0129167','0000098'),(736,'1454029','0205626'),(737,'1454029','1297015'),(738,'1454029','0818055'),(739,'0025316','0000022'),(740,'0025316','0001055'),(741,'0025316','0175369'),(742,'0053198','0529543'),(743,'0053198','0753716'),(744,'0053198','0561158'),(745,'4430212','0222426'),(746,'4430212','1328152'),(747,'4430212','0007102'),(748,'0103639','0918334'),(749,'0103639','0000245'),(750,'0103639','0488306');
/*!40000 ALTER TABLE `cast` ENABLE KEYS */;
UNLOCK TABLES;

--
-- Table structure for table `crew`
--

DROP TABLE IF EXISTS `crew`;
/*!40101 SET @saved_cs_client     = @@character_set_client */;
/*!50503 SET character_set_client = utf8mb4 */;
CREATE TABLE `crew` (
  `id` int NOT NULL AUTO_INCREMENT,
  `Movie_id` varchar(8) DEFAULT NULL,
  `Person_id` varchar(8) DEFAULT NULL,
  `role` varchar(8) DEFAULT NULL,
  PRIMARY KEY (`id`),
  KEY `Movie_id` (`Movie_id`),
  KEY `Person_id` (`Person_id`),
  CONSTRAINT `crew_ibfk_1` FOREIGN KEY (`Movie_id`) REFERENCES `movie` (`Movie_id`),
  CONSTRAINT `crew_ibfk_2` FOREIGN KEY (`Person_id`) REFERENCES `person` (`id`)
) ENGINE=InnoDB AUTO_INCREMENT=840 DEFAULT CHARSET=utf8mb4 COLLATE=utf8mb4_0900_ai_ci;
/*!40101 SET character_set_client = @saved_cs_client */;

--
-- Dumping data for table `crew`
--

LOCK TABLES `crew` WRITE;
/*!40000 ALTER TABLE `crew` DISABLE KEYS */;
INSERT INTO `crew` VALUES (1,'0111161','0000175','writer'),(2,'0111161','0001104','writer'),(3,'0068646','0701374','writer'),(4,'0068646','0000338','writer'),(5,'0468569','0634300','writer'),(6,'0468569','0634240','writer'),(7,'0468569','0275286','writer'),(8,'0071562','0000338','writer'),(9,'0071562','0701374','writer'),(10,'0050083','0741627','writer'),(11,'0108052','0447745','writer'),(12,'0108052','0001873','writer'),(13,'0167260','0866058','writer'),(14,'0167260','0909638','writer'),(15,'0167260','0101991','writer'),(16,'0110912','0000233','writer'),(17,'0110912','0000812','writer'),(18,'0120737','0866058','writer'),(19,'0120737','0909638','writer'),(20,'0120737','0101991','writer'),(21,'0060196','0898812','writer'),(22,'0060196','0001466','writer'),(23,'0060196','0408488','writer'),(24,'0109830','0343165','writer'),(25,'0109830','0744839','writer'),(26,'0137523','0657333','writer'),(27,'0137523','0880243','writer'),(28,'0167261','0866058','writer'),(29,'0167261','0909638','writer'),(30,'0167261','0101991','writer'),(31,'1375666','0634240','writer'),(32,'0080684','0102824','writer'),(33,'0080684','0001410','writer'),(34,'0080684','0000184','writer'),(35,'0133093','0905152','writer'),(36,'0133093','0905154','writer'),(37,'0099685','0683380','writer'),(38,'0099685','0000217','writer'),(39,'0073486','0369142','writer'),(40,'0073486','0325743','writer'),(41,'0073486','0450181','writer'),(42,'0114369','0001825','writer'),(43,'0038650','0329304','writer'),(44,'0038650','0352443','writer'),(45,'0038650','0001008','writer'),(46,'0816692','0634300','writer'),(47,'0816692','0634240','writer'),(48,'0047478','0000041','writer'),(49,'0047478','0368074','writer'),(50,'0047478','0644823','writer'),(51,'0102926','0365383','writer'),(52,'0102926','0848217','writer'),(53,'0120815','0734441','writer'),(54,'0317248','0513130','writer'),(55,'0317248','1130251','writer'),(56,'0118799','0148437','writer'),(57,'0118799','0000905','writer'),(58,'0120689','0000175','writer'),(59,'0120689','0001104','writer'),(60,'0103064','0000116','writer'),(61,'0103064','0936537','writer'),(62,'0076759','0000184','writer'),(63,'9362722','0520488','writer'),(64,'9362722','0588087','writer'),(65,'9362722','1709264','writer'),(66,'0088763','0000709','writer'),(67,'0088763','0301826','writer'),(68,'0245429','0594503','writer'),(69,'0253474','0367838','writer'),(70,'0253474','0844262','writer'),(71,'6751668','0094435','writer'),(72,'6751668','8243301','writer'),(73,'0054215','0825010','writer'),(74,'0054215','0088645','writer'),(75,'0172495','0291905','writer'),(76,'0172495','0517589','writer'),(77,'0172495','0629933','writer'),(78,'0110357','0575293','writer'),(79,'0110357','0731271','writer'),(80,'0110357','0941314','writer'),(81,'0110413','0000108','writer'),(82,'0407887','1184258','writer'),(83,'0407887','0538320','writer'),(84,'0407887','0159039','writer'),(85,'0120586','0571346','writer'),(86,'2582802','3227090','writer'),(87,'0482571','0634300','writer'),(88,'0482571','0634240','writer'),(89,'0482571','1793993','writer'),(90,'0095327','0636435','writer'),(91,'0095327','0847223','writer'),(92,'0056058','0847668','writer'),(93,'0056058','0368074','writer'),(94,'0114814','0003160','writer'),(95,'0034583','0258493','writer'),(96,'0034583','0258525','writer'),(97,'0034583','0462321','writer'),(98,'1675434','0619923','writer'),(99,'1675434','0865918','writer'),(100,'1675434','4778840','writer'),(101,'0027977','0000122','writer'),(102,'0095765','0868153','writer'),(103,'0095765','0660031','writer'),(104,'0047396','0371088','writer'),(105,'0047396','0941280','writer'),(106,'0064116','0006872','writer'),(107,'0064116','0001466','writer'),(108,'0064116','0000783','writer'),(109,'0078748','0639321','writer'),(110,'0078748','0795953','writer'),(111,'23849204','0006765','writer'),(112,'23849204','8402629','writer'),(113,'23849204','15090267','writer'),(114,'0021749','0000122','writer'),(115,'0021749','0139714','writer'),(116,'0021749','0188357','writer'),(117,'0078788','0587518','writer'),(118,'0078788','0000338','writer'),(119,'0078788','0380282','writer'),(120,'1853728','0000233','writer'),(121,'0209144','0634240','writer'),(122,'0209144','0634300','writer'),(123,'0910970','0004056','writer'),(124,'0910970','0230032','writer'),(125,'0910970','0714114','writer'),(126,'0082971','0001410','writer'),(127,'0082971','0000184','writer'),(128,'0082971','0442241','writer'),(129,'0405094','0003697','writer'),(130,'0043014','0102818','writer'),(131,'0043014','0000697','writer'),(132,'0043014','0551261','writer'),(133,'0050825','0000040','writer'),(134,'0050825','0932229','writer'),(135,'0050825','0860292','writer'),(136,'4154756','1321655','writer'),(137,'4154756','1321656','writer'),(138,'4154756','0498278','writer'),(139,'4633694','0520488','writer'),(140,'4633694','0745247','writer'),(141,'0081505','0000175','writer'),(142,'0081505','0000040','writer'),(143,'0081505','0424956','writer'),(144,'0051201','0002005','writer'),(145,'0051201','0000697','writer'),(146,'0051201','0475823','writer'),(147,'0032553','0000122','writer'),(148,'0090605','0000116','writer'),(149,'0090605','0318429','writer'),(150,'0090605','0001353','writer'),(151,'0361748','0000233','writer'),(152,'1345836','0634300','writer'),(153,'1345836','0634240','writer'),(154,'1345836','0275286','writer'),(155,'0169547','0050332','writer'),(156,'0057012','0000040','writer'),(157,'0057012','0816143','writer'),(158,'0057012','0313570','writer'),(159,'0364569','1628380','writer'),(160,'0364569','2057405','writer'),(161,'0364569','0661791','writer'),(162,'2380307','0881279','writer'),(163,'2380307','0441735','writer'),(164,'2380307','0017690','writer'),(165,'0086879','0787323','writer'),(166,'0086879','0537004','writer'),(167,'0114709','0005124','writer'),(168,'0114709','0230032','writer'),(169,'0114709','0004056','writer'),(170,'15398776','0634240','writer'),(171,'15398776','3284831','writer'),(172,'15398776','2452558','writer'),(173,'0082096','0000583','writer'),(174,'0082096','0118164','writer'),(175,'0112573','0908824','writer'),(176,'4154796','1321655','writer'),(177,'4154796','1321656','writer'),(178,'4154796','0498278','writer'),(179,'7286456','0680846','writer'),(180,'7286456','0798788','writer'),(181,'7286456','0004170','writer'),(182,'0119698','0594503','writer'),(183,'0119698','0301274','writer'),(184,'0119217','0000354','writer'),(185,'0119217','0000255','writer'),(186,'5311514','1396121','writer'),(187,'5311514','1038805','writer'),(188,'0087843','0340580','writer'),(189,'0087843','0073053','writer'),(190,'0087843','0207401','writer'),(191,'1187043','0430785','writer'),(192,'1187043','0386246','writer'),(193,'1187043','0006765','writer'),(194,'0057565','0644823','writer'),(195,'0057565','0452878','writer'),(196,'0057565','0386750','writer'),(197,'0045152','0173679','writer'),(198,'0045152','0337582','writer'),(199,'8267604','1701024','writer'),(200,'8267604','2764802','writer'),(201,'8267604','9878616','writer'),(202,'0180093','0782968','writer'),(203,'0180093','0004716','writer'),(204,'0091251','0010696','writer'),(205,'0091251','0459552','writer'),(206,'0435761','0005124','writer'),(207,'0435761','0004056','writer'),(208,'0435761','0881279','writer'),(209,'0086190','0001410','writer'),(210,'0086190','0000184','writer'),(211,'0338013','0442109','writer'),(212,'0338013','0327273','writer'),(213,'0338013','1410028','writer'),(214,'2106476','0899121','writer'),(215,'2106476','2105585','writer'),(216,'0062622','0000040','writer'),(217,'0062622','0002009','writer'),(218,'0105236','0000233','writer'),(219,'0105236','0000812','writer'),(220,'0044741','0000041','writer'),(221,'0044741','0368074','writer'),(222,'0044741','0644823','writer'),(223,'0056172','0004122','writer'),(224,'0056172','0933858','writer'),(225,'0053604','0000697','writer'),(226,'0053604','0224634','writer'),(227,'0033467','0542534','writer'),(228,'0033467','0000080','writer'),(229,'0033467','0002144','writer'),(230,'0053125','0499626','writer'),(231,'0022100','0902376','writer'),(232,'0022100','0000485','writer'),(233,'0022100','0414825','writer'),(234,'0052357','0178785','writer'),(235,'0052357','0853138','writer'),(236,'0052357','0092267','writer'),(237,'0036775','0000697','writer'),(238,'0036775','0151452','writer'),(239,'0036775','0128906','writer'),(240,'0086250','0000231','writer'),(241,'0086250','0001328','writer'),(242,'0086250','0372942','writer'),(243,'0211915','0491011','writer'),(244,'0211915','0000466','writer'),(245,'14230458','1110111','writer'),(246,'14230458','1206865','writer'),(247,'1255953','0898288','writer'),(248,'1255953','1416431','writer'),(249,'1255953','4034068','writer'),(250,'0093058','0000040','writer'),(251,'0093058','0380282','writer'),(252,'0093058','0368007','writer'),(253,'0066921','0000040','writer'),(254,'0066921','0121256','writer'),(255,'0113277','0000520','writer'),(256,'1049413','0230032','writer'),(257,'1049413','0677037','writer'),(258,'1049413','0565336','writer'),(259,'0056592','0497369','writer'),(260,'0056592','0285210','writer'),(261,'0070735','0911486','writer'),(262,'1832382','1410815','writer'),(263,'0097576','0090151','writer'),(264,'0097576','0000184','writer'),(265,'0097576','0583675','writer'),(266,'8503618','0592135','writer'),(267,'8503618','2375857','writer'),(268,'0095016','0861636','writer'),(269,'0095016','0835732','writer'),(270,'0095016','0211823','writer'),(271,'0017136','0902376','writer'),(272,'0017136','0000485','writer'),(273,'0986264','1244760','writer'),(274,'0208092','0005363','writer'),(275,'0040522','0953790','writer'),(276,'0040522','0059030','writer'),(277,'0040522','0080755','writer'),(278,'0119488','0255278','writer'),(279,'0119488','0001338','writer'),(280,'0119488','0000436','writer'),(281,'8579674','0005222','writer'),(282,'8579674','4880670','writer'),(283,'0075314','0001707','writer'),(284,'0363163','0251536','writer'),(285,'0363163','0275264','writer'),(286,'0363163','0432622','writer'),(287,'5074352','6328029','writer'),(288,'5074352','6328031','writer'),(289,'5074352','6328030','writer'),(290,'0059578','0001466','writer'),(291,'0059578','0607694','writer'),(292,'0059578','0898812','writer'),(293,'0372784','0004170','writer'),(294,'0372784','0275286','writer'),(295,'0372784','0634240','writer'),(296,'0053291','0000697','writer'),(297,'0053291','0224634','writer'),(298,'0053291','0858329','writer'),(299,'0993846','1010540','writer'),(300,'0993846','0067789','writer'),(301,'0012349','0000122','writer'),(302,'6966692','0885014','writer'),(303,'6966692','0192942','writer'),(304,'6966692','0268380','writer'),(305,'10272386','0358960','writer'),(306,'10272386','1725469','writer'),(307,'1745960','0143596','writer'),(308,'1745960','0258390','writer'),(309,'1745960','0185976','writer'),(310,'0042192','0000581','writer'),(311,'0042192','0650581','writer'),(312,'0055031','0542631','writer'),(313,'0055031','0001050','writer'),(314,'0120382','0629272','writer'),(315,'0469494','0000759','writer'),(316,'0469494','0801737','writer'),(317,'1130884','0436164','writer'),(318,'1130884','1212331','writer'),(319,'0112641','0683380','writer'),(320,'0112641','0000217','writer'),(321,'0089881','0000041','writer'),(322,'0089881','0644823','writer'),(323,'0089881','0406836','writer'),(324,'0107290','0000341','writer'),(325,'0107290','0462895','writer'),(326,'0167404','0796117','writer'),(327,'0457430','0868219','writer'),(328,'0105695','0672459','writer'),(329,'0268978','0326040','writer'),(330,'0268978','0621586','writer'),(331,'0477348','0001054','writer'),(332,'0477348','0001053','writer'),(333,'0477348','0565092','writer'),(334,'0040897','0001379','writer'),(335,'0040897','0871252','writer'),(336,'0055630','0000041','writer'),(337,'0055630','0452878','writer'),(338,'0084787','0484111','writer'),(339,'0084787','0132168','writer'),(340,'0266697','0000233','writer'),(341,'0266697','0000235','writer'),(342,'0071853','0001037','writer'),(343,'0071853','0000092','writer'),(344,'0071853','0001385','writer'),(345,'0057115','0108595','writer'),(346,'0057115','0165412','writer'),(347,'0057115','0122446','writer'),(348,'0266543','0004056','writer'),(349,'0266543','0677037','writer'),(350,'0266543','0721675','writer'),(351,'0042876','0015611','writer'),(352,'0042876','0000041','writer'),(353,'0042876','0368074','writer'),(354,'0080678','0212246','writer'),(355,'0080678','0075015','writer'),(356,'0080678','0000186','writer'),(357,'0347149','0594503','writer'),(358,'0347149','1168510','writer'),(359,'0071315','0001801','writer'),(360,'0071315','0000591','writer'),(361,'1392214','3360706','writer'),(362,'0046912','0461425','writer'),(363,'0031381','0593565','writer'),(364,'0031381','0397608','writer'),(365,'0031381','0308177','writer'),(366,'0434409','0905152','writer'),(367,'0434409','0905154','writer'),(368,'0434409','2331222','writer'),(369,'0120735','0005363','writer'),(370,'1305806','3160078','writer'),(371,'1305806','0002728','writer'),(372,'0081398','0483766','writer'),(373,'0081398','0141734','writer'),(374,'0081398','0678014','writer'),(375,'2096673','0230032','writer'),(376,'2096673','0215455','writer'),(377,'2096673','0498834','writer'),(378,'5027774','1732981','writer'),(379,'0117951','0920543','writer'),(380,'0117951','0388076','writer'),(381,'0050212','0099541','writer'),(382,'0050212','0286025','writer'),(383,'0050212','0933858','writer'),(384,'10872600','0571344','writer'),(385,'10872600','1273099','writer'),(386,'10872600','0498278','writer'),(387,'0116282','0001053','writer'),(388,'0116282','0001054','writer'),(389,'23289160','0393094','writer'),(390,'23289160','0613609','writer'),(391,'23289160','0945724','writer'),(392,'1291584','0640334','writer'),(393,'1291584','3294574','writer'),(394,'1291584','0233561','writer'),(395,'4729430','0655053','writer'),(396,'4729430','2700235','writer'),(397,'4729430','2082813','writer'),(398,'0264464','0007646','writer'),(399,'0264464','1127221','writer'),(400,'0264464','0622288','writer'),(401,'1205489','1010405','writer'),(402,'1205489','3164738','writer'),(403,'0096283','0594503','writer'),(404,'0405159','0353673','writer'),(405,'0405159','0101801','writer'),(406,'1201607','0460141','writer'),(407,'1201607','0746830','writer'),(408,'0118849','0006498','writer'),(409,'0083658','0266684','writer'),(410,'0083658','0672459','writer'),(411,'0083658','0001140','writer'),(412,'2024544','0725983','writer'),(413,'2024544','1185849','writer'),(414,'0112471','0000500','writer'),(415,'0112471','0471811','writer'),(416,'2278388','0959003','writer'),(417,'2278388','0027572','writer'),(418,'2278388','2450453','writer'),(419,'0052618','0908753','writer'),(420,'0052618','0876562','writer'),(421,'0052618','0000683','writer'),(422,'0072684','0000040','writer'),(423,'0072684','0856842','writer'),(424,'2267998','5058839','writer'),(425,'0015864','0000122','writer'),(426,'2119532','0770938','writer'),(427,'2119532','0460795','writer'),(428,'0107207','0174840','writer'),(429,'0107207','0313623','writer'),(430,'0107207','0006487','writer'),(431,'0353969','0094435','writer'),(432,'0353969','1323286','writer'),(433,'0353969','1646563','writer'),(434,'0047296','0775977','writer'),(435,'0047296','0425711','writer'),(436,'0047296','0802563','writer'),(437,'0017925','0000036','writer'),(438,'0017925','0115669','writer'),(439,'0017925','0090213','writer'),(440,'0077416','0001047','writer'),(441,'0077416','0913346','writer'),(442,'0077416','0307311','writer'),(443,'0097165','0776114','writer'),(444,'3011894','2265326','writer'),(445,'3011894','1167933','writer'),(446,'3011894','1238855','writer'),(447,'1392190','0004306','writer'),(448,'1392190','0565068','writer'),(449,'1392190','0490147','writer'),(450,'0050986','0000005','writer'),(451,'0015324','0369841','writer'),(452,'0015324','0593477','writer'),(453,'0015324','0115669','writer'),(454,'0041959','0001294','writer'),(455,'0041959','0000080','writer'),(456,'0041959','0466099','writer'),(457,'0046268','1064118','writer'),(458,'0046268','0167241','writer'),(459,'0046268','0350823','writer'),(460,'0198781','0230032','writer'),(461,'0198781','0191717','writer'),(462,'0198781','0682066','writer'),(463,'0073195','0001940','writer'),(464,'0073195','0331956','writer'),(465,'0892769','0204030','writer'),(466,'0892769','0213450','writer'),(467,'0892769','0761498','writer'),(468,'0031679','0118227','writer'),(469,'0031679','0287931','writer'),(470,'0031679','0175333','writer'),(471,'0978762','0254178','writer'),(472,'1950186','0125336','writer'),(473,'1950186','3890871','writer'),(474,'1950186','0445669','writer'),(475,'0382932','0083348','writer'),(476,'0382932','0684342','writer'),(477,'0382932','0135296','writer'),(478,'0050976','0000005','writer'),(479,'3170832','1480980','writer'),(480,'0118715','0001053','writer'),(481,'0118715','0001054','writer'),(482,'0046438','0633792','writer'),(483,'0046438','0654868','writer'),(484,'0075148','0000230','writer'),(485,'0395169','0669311','writer'),(486,'0395169','0313623','writer'),(487,'3315342','0003506','writer'),(488,'3315342','0291082','writer'),(489,'3315342','0338169','writer'),(490,'1895587','1802857','writer'),(491,'1895587','0565336','writer'),(492,'0091763','0000231','writer'),(493,'0019254','0217865','writer'),(494,'0019254','0003433','writer'),(495,'0088247','0000116','writer'),(496,'0088247','0005036','writer'),(497,'0088247','0936537','writer'),(498,'15097216','4377096','writer'),(499,'15097216','13222819','writer'),(500,'0381681','0000500','writer'),(501,'0381681','0000365','writer'),(502,'0381681','0000160','writer'),(503,'0036868','0792845','writer'),(504,'0036868','0437969','writer'),(505,'0113247','0440913','writer'),(506,'1979320','0604948','writer'),(507,'0074958','0154665','writer'),(508,'0070047','0087861','writer'),(509,'0092005','0000175','writer'),(510,'0092005','0317279','writer'),(511,'0092005','0262595','writer'),(512,'0325980','0254645','writer'),(513,'0325980','0744429','writer'),(514,'0325980','0064181','writer'),(515,'0032138','0486538','writer'),(516,'0032138','0753249','writer'),(517,'0032138','0941138','writer'),(518,'0317705','0083348','writer'),(519,'0758758','0000576','writer'),(520,'0758758','1040556','writer'),(521,'1028532','2124742','writer'),(522,'1028532','0793881','writer'),(523,'4016934','1258797','writer'),(524,'4016934','1941029','writer'),(525,'4016934','0661791','writer'),(526,'0035446','0501872','writer'),(527,'0035446','0562372','writer'),(528,'0035446','0523932','writer'),(529,'0476735','1463981','writer'),(530,'0032551','0425913','writer'),(531,'0032551','0825705','writer'),(532,'0058946','0758357','writer'),(533,'0058946','0690597','writer'),(534,'0107048','0748035','writer'),(535,'0107048','0000601','writer'),(536,'0059742','0403346','writer'),(537,'0059742','0512231','writer'),(538,'0059742','0189496','writer'),(539,'0245712','0037247','writer'),(540,'0032976','0238898','writer'),(541,'0032976','0792845','writer'),(542,'0032976','0365661','writer'),(543,'0061512','0668914','writer'),(544,'0061512','0682757','writer'),(545,'0061512','0237543','writer'),(546,'0129167','0564827','writer'),(547,'0129167','0083348','writer'),(548,'0129167','0400954','writer'),(549,'1454029','0853238','writer'),(550,'1454029','3543826','writer'),(551,'0025316','0728307','writer'),(552,'0025316','0011343','writer'),(553,'0053198','0000076','writer'),(554,'0053198','0610115','writer'),(555,'4430212','2572228','writer'),(556,'4430212','3179723','writer'),(557,'0103639','0166256','writer'),(558,'0103639','0615780','writer'),(559,'0103639','0254645','writer'),(560,'0111161','0001104','director'),(561,'0068646','0000338','director'),(562,'0468569','0634240','director'),(563,'0071562','0000338','director'),(564,'0050083','0001486','director'),(565,'0108052','0000229','director'),(566,'0167260','0001392','director'),(567,'0110912','0000233','director'),(568,'0120737','0001392','director'),(569,'0060196','0001466','director'),(570,'0109830','0000709','director'),(571,'0137523','0000399','director'),(572,'0167261','0001392','director'),(573,'1375666','0634240','director'),(574,'0080684','0449984','director'),(575,'0133093','0905154','director'),(576,'0133093','0905152','director'),(577,'0099685','0000217','director'),(578,'0073486','0001232','director'),(579,'0114369','0000399','director'),(580,'0038650','0001008','director'),(581,'0816692','0634240','director'),(582,'0047478','0000041','director'),(583,'0102926','0001129','director'),(584,'0120815','0000229','director'),(585,'0317248','0576987','director'),(586,'0317248','0526199','director'),(587,'0118799','0000905','director'),(588,'0120689','0001104','director'),(589,'0103064','0000116','director'),(590,'0076759','0000184','director'),(591,'9362722','1690966','director'),(592,'9362722','5358492','director'),(593,'9362722','1042511','director'),(594,'0088763','0000709','director'),(595,'0245429','0594503','director'),(596,'0253474','0000591','director'),(597,'6751668','0094435','director'),(598,'0054215','0000033','director'),(599,'0172495','0000631','director'),(600,'0110357','0021249','director'),(601,'0110357','0591450','director'),(602,'0110413','0000108','director'),(603,'0407887','0000217','director'),(604,'0120586','0443411','director'),(605,'2582802','3227090','director'),(606,'0482571','0634240','director'),(607,'0095327','0847223','director'),(608,'0056058','0462030','director'),(609,'0114814','0001741','director'),(610,'0034583','0002031','director'),(611,'1675434','0619923','director'),(612,'1675434','0865918','director'),(613,'0027977','0000122','director'),(614,'0095765','0868153','director'),(615,'0047396','0000033','director'),(616,'0064116','0001466','director'),(617,'0078748','0000631','director'),(618,'23849204','0006765','director'),(619,'0021749','0000122','director'),(620,'0078788','0000338','director'),(621,'1853728','0000233','director'),(622,'0209144','0634240','director'),(623,'0910970','0004056','director'),(624,'0082971','0000229','director'),(625,'0405094','0003697','director'),(626,'0043014','0000697','director'),(627,'0050825','0000040','director'),(628,'4154756','0751577','director'),(629,'4154756','0751648','director'),(630,'4633694','2130108','director'),(631,'4633694','0709056','director'),(632,'4633694','0745247','director'),(633,'0081505','0000040','director'),(634,'0051201','0000697','director'),(635,'0032553','0000122','director'),(636,'0090605','0000116','director'),(637,'0361748','0000233','director'),(638,'1345836','0634240','director'),(639,'0169547','0005222','director'),(640,'0057012','0000040','director'),(641,'0364569','0661791','director'),(642,'2380307','0881279','director'),(643,'2380307','2937122','director'),(644,'0086879','0001232','director'),(645,'0114709','0005124','director'),(646,'15398776','0634240','director'),(647,'0082096','0000583','director'),(648,'0112573','0000154','director'),(649,'4154796','0751577','director'),(650,'4154796','0751648','director'),(651,'7286456','0680846','director'),(652,'0119698','0594503','director'),(653,'0119217','0001814','director'),(654,'5311514','1396121','director'),(655,'0087843','0001466','director'),(656,'1187043','0386246','director'),(657,'0057565','0000041','director'),(658,'0045152','0002045','director'),(659,'0045152','0000037','director'),(660,'8267604','1701024','director'),(661,'0180093','0004716','director'),(662,'0091251','0459552','director'),(663,'0435761','0881279','director'),(664,'0086190','0549658','director'),(665,'0338013','0327273','director'),(666,'2106476','0899121','director'),(667,'0062622','0000040','director'),(668,'0105236','0000233','director'),(669,'0044741','0000041','director'),(670,'0056172','0000180','director'),(671,'0053604','0000697','director'),(672,'0033467','0000080','director'),(673,'0053125','0000033','director'),(674,'0022100','0000485','director'),(675,'0052357','0000033','director'),(676,'0036775','0000697','director'),(677,'0086250','0000361','director'),(678,'0211915','0000466','director'),(679,'14230458','0487166','director'),(680,'1255953','0898288','director'),(681,'0093058','0000040','director'),(682,'0066921','0000040','director'),(683,'0113277','0000520','director'),(684,'1049413','0230032','director'),(685,'1049413','0677037','director'),(686,'0056592','0612322','director'),(687,'0070735','0001351','director'),(688,'1832382','1410815','director'),(689,'0097576','0000229','director'),(690,'8503618','2371802','director'),(691,'0095016','0001532','director'),(692,'0017136','0000485','director'),(693,'0986264','0451148','director'),(694,'0986264','1244760','director'),(695,'0208092','0005363','director'),(696,'0040522','0001120','director'),(697,'0119488','0000436','director'),(698,'8579674','0005222','director'),(699,'0075314','0000217','director'),(700,'0363163','0386570','director'),(701,'5074352','4318159','director'),(702,'0059578','0001466','director'),(703,'0372784','0634240','director'),(704,'0053291','0000697','director'),(705,'0993846','0000217','director'),(706,'0012349','0000122','director'),(707,'6966692','0268380','director'),(708,'10272386','1725469','director'),(709,'1745960','2676052','director'),(710,'0042192','0000581','director'),(711,'0055031','0006452','director'),(712,'0120382','0001837','director'),(713,'0469494','0000759','director'),(714,'1130884','0000217','director'),(715,'0112641','0000217','director'),(716,'0089881','0000041','director'),(717,'0107290','0000229','director'),(718,'0167404','0796117','director'),(719,'0457430','0868219','director'),(720,'0105695','0000142','director'),(721,'0268978','0000165','director'),(722,'0477348','0001053','director'),(723,'0477348','0001054','director'),(724,'0040897','0001379','director'),(725,'0055630','0000041','director'),(726,'0084787','0000118','director'),(727,'0266697','0000233','director'),(728,'0071853','0000416','director'),(729,'0071853','0001402','director'),(730,'0057115','0836328','director'),(731,'0266543','0004056','director'),(732,'0266543','0881279','director'),(733,'0042876','0000041','director'),(734,'0080678','0000186','director'),(735,'0347149','0594503','director'),(736,'0071315','0000591','director'),(737,'1392214','0898288','director'),(738,'0046912','0000033','director'),(739,'0031381','0281808','director'),(740,'0031381','0002030','director'),(741,'0031381','0939992','director'),(742,'0434409','0574625','director'),(743,'0120735','0005363','director'),(744,'1305806','0002728','director'),(745,'0081398','0000217','director'),(746,'2096673','0230032','director'),(747,'2096673','0215455','director'),(748,'5027774','1732981','director'),(749,'0117951','0000965','director'),(750,'0050212','0000180','director'),(751,'10872600','1218281','director'),(752,'0116282','0001054','director'),(753,'0116282','0001053','director'),(754,'23289160','0945724','director'),(755,'1291584','0640334','director'),(756,'4729430','0655053','director'),(757,'4729430','3582089','director'),(758,'0264464','0000229','director'),(759,'1205489','0000142','director'),(760,'0096283','0594503','director'),(761,'0405159','0000142','director'),(762,'1201607','0946734','director'),(763,'0118849','0006498','director'),(764,'0083658','0000631','director'),(765,'2024544','2588606','director'),(766,'0112471','0000500','director'),(767,'2278388','0027572','director'),(768,'0052618','0943758','director'),(769,'0072684','0000040','director'),(770,'2267998','0000399','director'),(771,'0015864','0000122','director'),(772,'2119532','0000154','director'),(773,'0107207','0006487','director'),(774,'0353969','0094435','director'),(775,'0047296','0001415','director'),(776,'0017925','0115669','director'),(777,'0017925','0000036','director'),(778,'0077416','0001047','director'),(779,'0097165','0001837','director'),(780,'3011894','1167933','director'),(781,'1392190','0004306','director'),(782,'0050986','0000005','director'),(783,'0015324','0000036','director'),(784,'0041959','0715346','director'),(785,'0046268','0167241','director'),(786,'0198781','0230032','director'),(787,'0198781','0798899','director'),(788,'0198781','0881279','director'),(789,'0073195','0000229','director'),(790,'0892769','0213450','director'),(791,'0892769','0761498','director'),(792,'0031679','0001008','director'),(793,'0978762','0254178','director'),(794,'1950186','0003506','director'),(795,'0382932','0083348','director'),(796,'0382932','0684342','director'),(797,'0050976','0000005','director'),(798,'3170832','1049433','director'),(799,'0118715','0001054','director'),(800,'0118715','0001053','director'),(801,'0046438','0654868','director'),(802,'0075148','0000814','director'),(803,'0395169','0313623','director'),(804,'3315342','0003506','director'),(805,'1895587','0565336','director'),(806,'0091763','0000231','director'),(807,'0019254','0003433','director'),(808,'0088247','0000116','director'),(809,'15097216','4377096','director'),(810,'0381681','0000500','director'),(811,'0036868','0943758','director'),(812,'0113247','0440913','director'),(813,'1979320','0000165','director'),(814,'0074958','0001486','director'),(815,'0070047','0001243','director'),(816,'0092005','0001661','director'),(817,'0325980','0893659','director'),(818,'0032138','0281808','director'),(819,'0032138','0896542','director'),(820,'0317705','0083348','director'),(821,'0758758','0000576','director'),(822,'1028532','0002120','director'),(823,'4016934','0661791','director'),(824,'0035446','0523932','director'),(825,'0476735','1463981','director'),(826,'0032551','0000406','director'),(827,'0058946','0690597','director'),(828,'0107048','0000601','director'),(829,'0059742','0936404','director'),(830,'0245712','0327944','director'),(831,'0032976','0000033','director'),(832,'0061512','0742341','director'),(833,'0129167','0083348','director'),(834,'1454029','0853238','director'),(835,'0025316','0001008','director'),(836,'0053198','0000076','director'),(837,'4430212','1723225','director'),(838,'0103639','0166256','director'),(839,'0103639','0615780','director');
/*!40000 ALTER TABLE `crew` ENABLE KEYS */;
UNLOCK TABLES;

--
-- Table structure for table `genre_movie`
--

DROP TABLE IF EXISTS `genre_movie`;
/*!40101 SET @saved_cs_client     = @@character_set_client */;
/*!50503 SET character_set_client = utf8mb4 */;
CREATE TABLE `genre_movie` (
  `id` int NOT NULL AUTO_INCREMENT,
  `Movie_id` varchar(8) DEFAULT NULL,
  `Genre` varchar(16) DEFAULT NULL,
  PRIMARY KEY (`id`),
  KEY `Movie_id` (`Movie_id`),
  CONSTRAINT `genre_movie_ibfk_1` FOREIGN KEY (`Movie_id`) REFERENCES `movie` (`Movie_id`)
) ENGINE=InnoDB AUTO_INCREMENT=636 DEFAULT CHARSET=utf8mb4 COLLATE=utf8mb4_0900_ai_ci;
/*!40101 SET character_set_client = @saved_cs_client */;

--
-- Dumping data for table `genre_movie`
--

LOCK TABLES `genre_movie` WRITE;
/*!40000 ALTER TABLE `genre_movie` DISABLE KEYS */;
INSERT INTO `genre_movie` VALUES (1,'0111161','Drama'),(2,'0068646','Crime'),(3,'0068646','Drama'),(4,'0468569','Action'),(5,'0468569','Crime'),(6,'0468569','Drama'),(7,'0071562','Crime'),(8,'0071562','Drama'),(9,'0050083','Crime'),(10,'0050083','Drama'),(11,'0108052','Biography'),(12,'0108052','Drama'),(13,'0108052','History'),(14,'0167260','Action'),(15,'0167260','Adventure'),(16,'0167260','Drama'),(17,'0110912','Crime'),(18,'0110912','Drama'),(19,'0120737','Action'),(20,'0120737','Adventure'),(21,'0120737','Drama'),(22,'0060196','Adventure'),(23,'0060196','Western'),(24,'0109830','Drama'),(25,'0109830','Romance'),(26,'0137523','Drama'),(27,'0167261','Action'),(28,'0167261','Adventure'),(29,'0167261','Drama'),(30,'1375666','Action'),(31,'1375666','Adventure'),(32,'1375666','Sci-Fi'),(33,'0080684','Action'),(34,'0080684','Adventure'),(35,'0080684','Fantasy'),(36,'0133093','Action'),(37,'0133093','Sci-Fi'),(38,'0099685','Biography'),(39,'0099685','Crime'),(40,'0099685','Drama'),(41,'0073486','Drama'),(42,'0114369','Crime'),(43,'0114369','Drama'),(44,'0114369','Mystery'),(45,'0038650','Drama'),(46,'0038650','Family'),(47,'0038650','Fantasy'),(48,'0816692','Adventure'),(49,'0816692','Drama'),(50,'0816692','Sci-Fi'),(51,'0047478','Action'),(52,'0047478','Drama'),(53,'0102926','Crime'),(54,'0102926','Drama'),(55,'0102926','Thriller'),(56,'0120815','Drama'),(57,'0120815','War'),(58,'0317248','Crime'),(59,'0317248','Drama'),(60,'0118799','Comedy'),(61,'0118799','Drama'),(62,'0118799','Romance'),(63,'0120689','Crime'),(64,'0120689','Drama'),(65,'0120689','Fantasy'),(66,'0103064','Action'),(67,'0103064','Sci-Fi'),(68,'0076759','Action'),(69,'0076759','Adventure'),(70,'0076759','Fantasy'),(71,'9362722','Animation'),(72,'9362722','Action'),(73,'9362722','Adventure'),(74,'0088763','Adventure'),(75,'0088763','Comedy'),(76,'0088763','Sci-Fi'),(77,'0245429','Animation'),(78,'0245429','Adventure'),(79,'0245429','Family'),(80,'0253474','Biography'),(81,'0253474','Drama'),(82,'0253474','Music'),(83,'6751668','Drama'),(84,'6751668','Thriller'),(85,'0054215','Horror'),(86,'0054215','Mystery'),(87,'0054215','Thriller'),(88,'0172495','Action'),(89,'0172495','Adventure'),(90,'0172495','Drama'),(91,'0110357','Animation'),(92,'0110357','Adventure'),(93,'0110357','Drama'),(94,'0110413','Action'),(95,'0110413','Crime'),(96,'0110413','Drama'),(97,'0407887','Crime'),(98,'0407887','Drama'),(99,'0407887','Thriller'),(100,'0120586','Crime'),(101,'0120586','Drama'),(102,'2582802','Drama'),(103,'2582802','Music'),(104,'0482571','Drama'),(105,'0482571','Mystery'),(106,'0482571','Sci-Fi'),(107,'0095327','Animation'),(108,'0095327','Drama'),(109,'0095327','War'),(110,'0056058','Action'),(111,'0056058','Drama'),(112,'0056058','Mystery'),(113,'0114814','Crime'),(114,'0114814','Drama'),(115,'0114814','Mystery'),(116,'0034583','Drama'),(117,'0034583','Romance'),(118,'0034583','War'),(119,'1675434','Biography'),(120,'1675434','Comedy'),(121,'1675434','Drama'),(122,'0027977','Comedy'),(123,'0027977','Drama'),(124,'0027977','Romance'),(125,'0095765','Drama'),(126,'0095765','Romance'),(127,'0047396','Mystery'),(128,'0047396','Thriller'),(129,'0064116','Western'),(130,'0078748','Horror'),(131,'0078748','Sci-Fi'),(132,'23849204','Biography'),(133,'23849204','Drama'),(134,'0021749','Comedy'),(135,'0021749','Drama'),(136,'0021749','Romance'),(137,'0078788','Drama'),(138,'0078788','Mystery'),(139,'0078788','War'),(140,'1853728','Drama'),(141,'1853728','Western'),(142,'0209144','Mystery'),(143,'0209144','Thriller'),(144,'0910970','Animation'),(145,'0910970','Adventure'),(146,'0910970','Family'),(147,'0082971','Action'),(148,'0082971','Adventure'),(149,'0405094','Drama'),(150,'0405094','Mystery'),(151,'0405094','Thriller'),(152,'0043014','Drama'),(153,'0043014','Film-Noir'),(154,'0050825','Drama'),(155,'0050825','War'),(156,'4154756','Action'),(157,'4154756','Adventure'),(158,'4154756','Sci-Fi'),(159,'4633694','Animation'),(160,'4633694','Action'),(161,'4633694','Adventure'),(162,'0081505','Drama'),(163,'0081505','Horror'),(164,'0051201','Crime'),(165,'0051201','Drama'),(166,'0051201','Mystery'),(167,'0032553','Comedy'),(168,'0032553','Drama'),(169,'0032553','War'),(170,'0090605','Action'),(171,'0090605','Adventure'),(172,'0090605','Sci-Fi'),(173,'0361748','Adventure'),(174,'0361748','Drama'),(175,'0361748','War'),(176,'1345836','Action'),(177,'1345836','Drama'),(178,'1345836','Thriller'),(179,'0169547','Drama'),(180,'0057012','Comedy'),(181,'0057012','War'),(182,'0364569','Action'),(183,'0364569','Drama'),(184,'0364569','Mystery'),(185,'2380307','Animation'),(186,'2380307','Adventure'),(187,'2380307','Drama'),(188,'0086879','Biography'),(189,'0086879','Drama'),(190,'0086879','Music'),(191,'0114709','Animation'),(192,'0114709','Adventure'),(193,'0114709','Comedy'),(194,'15398776','Biography'),(195,'15398776','Drama'),(196,'15398776','History'),(197,'0082096','Drama'),(198,'0082096','War'),(199,'0112573','Biography'),(200,'0112573','Drama'),(201,'0112573','History'),(202,'4154796','Action'),(203,'4154796','Adventure'),(204,'4154796','Drama'),(205,'7286456','Crime'),(206,'7286456','Drama'),(207,'7286456','Thriller'),(208,'0119698','Animation'),(209,'0119698','Action'),(210,'0119698','Adventure'),(211,'0119217','Drama'),(212,'0119217','Romance'),(213,'5311514','Animation'),(214,'5311514','Drama'),(215,'5311514','Fantasy'),(216,'0087843','Crime'),(217,'0087843','Drama'),(218,'1187043','Comedy'),(219,'1187043','Drama'),(220,'0057565','Crime'),(221,'0057565','Drama'),(222,'0057565','Mystery'),(223,'0045152','Comedy'),(224,'0045152','Musical'),(225,'0045152','Romance'),(226,'8267604','Drama'),(227,'0180093','Drama'),(228,'0091251','Drama'),(229,'0091251','Thriller'),(230,'0091251','War'),(231,'0435761','Animation'),(232,'0435761','Adventure'),(233,'0435761','Comedy'),(234,'0086190','Action'),(235,'0086190','Adventure'),(236,'0086190','Fantasy'),(237,'0338013','Drama'),(238,'0338013','Romance'),(239,'0338013','Sci-Fi'),(240,'2106476','Drama'),(241,'0062622','Adventure'),(242,'0062622','Sci-Fi'),(243,'0105236','Crime'),(244,'0105236','Thriller'),(245,'0044741','Drama'),(246,'0056172','Adventure'),(247,'0056172','Biography'),(248,'0056172','Drama'),(249,'0053604','Comedy'),(250,'0053604','Drama'),(251,'0053604','Romance'),(252,'0033467','Drama'),(253,'0033467','Mystery'),(254,'0053125','Action'),(255,'0053125','Adventure'),(256,'0053125','Mystery'),(257,'0022100','Crime'),(258,'0022100','Mystery'),(259,'0022100','Thriller'),(260,'0052357','Mystery'),(261,'0052357','Romance'),(262,'0052357','Thriller'),(263,'0036775','Crime'),(264,'0036775','Drama'),(265,'0036775','Film-Noir'),(266,'0086250','Crime'),(267,'0086250','Drama'),(268,'0211915','Comedy'),(269,'0211915','Romance'),(270,'14230458','Comedy'),(271,'14230458','Drama'),(272,'14230458','Romance'),(273,'1255953','Drama'),(274,'1255953','Mystery'),(275,'1255953','War'),(276,'0093058','Drama'),(277,'0093058','War'),(278,'0066921','Crime'),(279,'0066921','Sci-Fi'),(280,'0113277','Action'),(281,'0113277','Crime'),(282,'0113277','Drama'),(283,'1049413','Animation'),(284,'1049413','Adventure'),(285,'1049413','Comedy'),(286,'0056592','Crime'),(287,'0056592','Drama'),(288,'0070735','Comedy'),(289,'0070735','Crime'),(290,'0070735','Drama'),(291,'1832382','Drama'),(292,'0097576','Action'),(293,'0097576','Adventure'),(294,'8503618','Biography'),(295,'8503618','Drama'),(296,'8503618','History'),(297,'0095016','Action'),(298,'0095016','Thriller'),(299,'0017136','Drama'),(300,'0017136','Sci-Fi'),(301,'0986264','Drama'),(302,'0986264','Family'),(303,'0208092','Comedy'),(304,'0208092','Crime'),(305,'0040522','Drama'),(306,'0119488','Crime'),(307,'0119488','Drama'),(308,'0119488','Mystery'),(309,'8579674','Action'),(310,'8579674','Drama'),(311,'8579674','War'),(312,'0075314','Crime'),(313,'0075314','Drama'),(314,'0363163','Biography'),(315,'0363163','Drama'),(316,'0363163','History'),(317,'5074352','Action'),(318,'5074352','Biography'),(319,'5074352','Drama'),(320,'0059578','Drama'),(321,'0059578','Western'),(322,'0372784','Action'),(323,'0372784','Crime'),(324,'0372784','Drama'),(325,'0053291','Comedy'),(326,'0053291','Music'),(327,'0053291','Romance'),(328,'0993846','Biography'),(329,'0993846','Comedy'),(330,'0993846','Crime'),(331,'0012349','Comedy'),(332,'0012349','Drama'),(333,'0012349','Family'),(334,'6966692','Biography'),(335,'6966692','Comedy'),(336,'6966692','Drama'),(337,'10272386','Drama'),(338,'10272386','Mystery'),(339,'1745960','Action'),(340,'1745960','Drama'),(341,'0042192','Drama'),(342,'0055031','Drama'),(343,'0055031','War'),(344,'0120382','Comedy'),(345,'0120382','Drama'),(346,'0469494','Drama'),(347,'1130884','Mystery'),(348,'1130884','Thriller'),(349,'0112641','Crime'),(350,'0112641','Drama'),(351,'0089881','Action'),(352,'0089881','Drama'),(353,'0089881','War'),(354,'0107290','Action'),(355,'0107290','Adventure'),(356,'0107290','Sci-Fi'),(357,'0167404','Drama'),(358,'0167404','Mystery'),(359,'0167404','Thriller'),(360,'0457430','Drama'),(361,'0457430','Fantasy'),(362,'0457430','War'),(363,'0105695','Drama'),(364,'0105695','Western'),(365,'0268978','Biography'),(366,'0268978','Drama'),(367,'0268978','Mystery'),(368,'0477348','Crime'),(369,'0477348','Drama'),(370,'0477348','Thriller'),(371,'0040897','Adventure'),(372,'0040897','Drama'),(373,'0040897','Western'),(374,'0055630','Action'),(375,'0055630','Drama'),(376,'0055630','Thriller'),(377,'0084787','Horror'),(378,'0084787','Mystery'),(379,'0084787','Sci-Fi'),(380,'0266697','Action'),(381,'0266697','Crime'),(382,'0266697','Thriller'),(383,'0071853','Adventure'),(384,'0071853','Comedy'),(385,'0071853','Fantasy'),(386,'0057115','Adventure'),(387,'0057115','Drama'),(388,'0057115','History'),(389,'0266543','Animation'),(390,'0266543','Adventure'),(391,'0266543','Comedy'),(392,'0042876','Crime'),(393,'0042876','Drama'),(394,'0042876','Mystery'),(395,'0080678','Biography'),(396,'0080678','Drama'),(397,'0347149','Animation'),(398,'0347149','Adventure'),(399,'0347149','Family'),(400,'0071315','Drama'),(401,'0071315','Mystery'),(402,'0071315','Thriller'),(403,'1392214','Crime'),(404,'1392214','Drama'),(405,'1392214','Mystery'),(406,'0046912','Crime'),(407,'0046912','Thriller'),(408,'0031381','Drama'),(409,'0031381','Romance'),(410,'0031381','War'),(411,'0434409','Action'),(412,'0434409','Drama'),(413,'0434409','Sci-Fi'),(414,'0120735','Action'),(415,'0120735','Comedy'),(416,'0120735','Crime'),(417,'1305806','Drama'),(418,'1305806','Mystery'),(419,'1305806','Romance'),(420,'0081398','Biography'),(421,'0081398','Drama'),(422,'0081398','Sport'),(423,'2096673','Animation'),(424,'2096673','Adventure'),(425,'2096673','Comedy'),(426,'5027774','Comedy'),(427,'5027774','Crime'),(428,'5027774','Drama'),(429,'0117951','Drama'),(430,'0050212','Adventure'),(431,'0050212','Drama'),(432,'0050212','War'),(433,'10872600','Action'),(434,'10872600','Adventure'),(435,'10872600','Fantasy'),(436,'0116282','Crime'),(437,'0116282','Thriller'),(438,'23289160','Action'),(439,'23289160','Adventure'),(440,'23289160','Drama'),(441,'1291584','Action'),(442,'1291584','Drama'),(443,'1291584','Sport'),(444,'4729430','Animation'),(445,'4729430','Adventure'),(446,'4729430','Comedy'),(447,'0264464','Biography'),(448,'0264464','Crime'),(449,'0264464','Drama'),(450,'1205489','Drama'),(451,'0096283','Animation'),(452,'0096283','Comedy'),(453,'0096283','Family'),(454,'0405159','Drama'),(455,'0405159','Sport'),(456,'1201607','Adventure'),(457,'1201607','Family'),(458,'1201607','Fantasy'),(459,'0118849','Drama'),(460,'0118849','Family'),(461,'0118849','Sport'),(462,'0083658','Action'),(463,'0083658','Drama'),(464,'0083658','Sci-Fi'),(465,'2024544','Biography'),(466,'2024544','Drama'),(467,'2024544','History'),(468,'0112471','Drama'),(469,'0112471','Romance'),(470,'2278388','Adventure'),(471,'2278388','Comedy'),(472,'2278388','Crime'),(473,'0052618','Adventure'),(474,'0052618','Drama'),(475,'0072684','Adventure'),(476,'0072684','Drama'),(477,'0072684','War'),(478,'2267998','Drama'),(479,'2267998','Mystery'),(480,'2267998','Thriller'),(481,'0015864','Adventure'),(482,'0015864','Comedy'),(483,'0015864','Drama'),(484,'2119532','Biography'),(485,'2119532','Drama'),(486,'2119532','History'),(487,'0107207','Biography'),(488,'0107207','Crime'),(489,'0107207','Drama'),(490,'0353969','Crime'),(491,'0353969','Drama'),(492,'0353969','Mystery'),(493,'0047296','Crime'),(494,'0047296','Drama'),(495,'0047296','Thriller'),(496,'0017925','Action'),(497,'0017925','Adventure'),(498,'0017925','Comedy'),(499,'0077416','Drama'),(500,'0077416','War'),(501,'0097165','Comedy'),(502,'0097165','Drama'),(503,'3011894','Comedy'),(504,'3011894','Drama'),(505,'3011894','Thriller'),(506,'1392190','Action'),(507,'1392190','Adventure'),(508,'1392190','Sci-Fi'),(509,'0050986','Drama'),(510,'0050986','Romance'),(511,'0015324','Action'),(512,'0015324','Comedy'),(513,'0015324','Romance'),(514,'0041959','Film-Noir'),(515,'0041959','Mystery'),(516,'0041959','Thriller'),(517,'0046268','Adventure'),(518,'0046268','Drama'),(519,'0046268','Thriller'),(520,'0198781','Animation'),(521,'0198781','Adventure'),(522,'0198781','Comedy'),(523,'0073195','Adventure'),(524,'0073195','Mystery'),(525,'0073195','Thriller'),(526,'0892769','Animation'),(527,'0892769','Action'),(528,'0892769','Adventure'),(529,'0031679','Comedy'),(530,'0031679','Drama'),(531,'0978762','Animation'),(532,'0978762','Comedy'),(533,'0978762','Drama'),(534,'1950186','Action'),(535,'1950186','Biography'),(536,'1950186','Drama'),(537,'0382932','Animation'),(538,'0382932','Adventure'),(539,'0382932','Comedy'),(540,'0050976','Drama'),(541,'0050976','Fantasy'),(542,'3170832','Drama'),(543,'3170832','Thriller'),(544,'0118715','Comedy'),(545,'0118715','Crime'),(546,'0046438','Drama'),(547,'0075148','Drama'),(548,'0075148','Sport'),(549,'0395169','Biography'),(550,'0395169','Drama'),(551,'0395169','History'),(552,'3315342','Action'),(553,'3315342','Drama'),(554,'3315342','Sci-Fi'),(555,'1895587','Biography'),(556,'1895587','Crime'),(557,'1895587','Drama'),(558,'0091763','Drama'),(559,'0091763','War'),(560,'0019254','Biography'),(561,'0019254','Drama'),(562,'0019254','History'),(563,'0088247','Action'),(564,'0088247','Sci-Fi'),(565,'15097216','Crime'),(566,'15097216','Drama'),(567,'15097216','Mystery'),(568,'0381681','Drama'),(569,'0381681','Romance'),(570,'0036868','Drama'),(571,'0036868','Romance'),(572,'0036868','War'),(573,'0113247','Crime'),(574,'0113247','Drama'),(575,'1979320','Action'),(576,'1979320','Biography'),(577,'1979320','Drama'),(578,'0074958','Drama'),(579,'0070047','Horror'),(580,'0092005','Adventure'),(581,'0092005','Comedy'),(582,'0092005','Drama'),(583,'0325980','Action'),(584,'0325980','Adventure'),(585,'0325980','Fantasy'),(586,'0032138','Adventure'),(587,'0032138','Family'),(588,'0032138','Fantasy'),(589,'0317705','Animation'),(590,'0317705','Action'),(591,'0317705','Adventure'),(592,'0758758','Adventure'),(593,'0758758','Biography'),(594,'0758758','Drama'),(595,'1028532','Biography'),(596,'1028532','Drama'),(597,'1028532','Family'),(598,'4016934','Drama'),(599,'4016934','Romance'),(600,'4016934','Thriller'),(601,'0035446','Comedy'),(602,'0035446','Romance'),(603,'0035446','War'),(604,'0476735','Drama'),(605,'0476735','Family'),(606,'0032551','Drama'),(607,'0058946','Drama'),(608,'0058946','War'),(609,'0107048','Comedy'),(610,'0107048','Drama'),(611,'0107048','Fantasy'),(612,'0059742','Biography'),(613,'0059742','Drama'),(614,'0059742','Family'),(615,'0245712','Drama'),(616,'0245712','Thriller'),(617,'0032976','Drama'),(618,'0032976','Film-Noir'),(619,'0032976','Mystery'),(620,'0061512','Crime'),(621,'0061512','Drama'),(622,'0129167','Animation'),(623,'0129167','Action'),(624,'0129167','Adventure'),(625,'1454029','Drama'),(626,'0025316','Comedy'),(627,'0025316','Romance'),(628,'0053198','Crime'),(629,'0053198','Drama'),(630,'4430212','Crime'),(631,'4430212','Drama'),(632,'4430212','Mystery'),(633,'0103639','Animation'),(634,'0103639','Adventure'),(635,'0103639','Comedy');
/*!40000 ALTER TABLE `genre_movie` ENABLE KEYS */;
UNLOCK TABLES;

--
-- Table structure for table `movie`
--

DROP TABLE IF EXISTS `movie`;
/*!40101 SET @saved_cs_client     = @@character_set_client */;
/*!50503 SET character_set_client = utf8mb4 */;
CREATE TABLE `movie` (
  `Movie_id` varchar(8) NOT NULL,
  `Title` varchar(128) DEFAULT NULL,
  `Year` int DEFAULT NULL,
  `Runtime` int DEFAULT NULL,
  `Parental_Guide` varchar(8) DEFAULT NULL,
  `Gross_US_Canada` int DEFAULT NULL,
  PRIMARY KEY (`Movie_id`)
) ENGINE=InnoDB DEFAULT CHARSET=utf8mb4 COLLATE=utf8mb4_0900_ai_ci;
/*!40101 SET character_set_client = @saved_cs_client */;

--
-- Dumping data for table `movie`
--

LOCK TABLES `movie` WRITE;
/*!40000 ALTER TABLE `movie` DISABLE KEYS */;
INSERT INTO `movie` VALUES ('0012349','The Kid',1921,68,'Passed',NULL),('0015324','Sherlock Jr.',1924,45,'Passed',977375),('0015864','The Gold Rush',1925,95,'Passed',NULL),('0017136','Metropolis',1927,153,'Unrated',1236166),('0017925','The General',1926,78,'Passed',NULL),('0019254','The Passion of Joan of Arc',1928,114,'Passed',21877),('0021749','City Lights',1931,87,'G',19181),('0022100','M',1931,99,'Passed',35566),('0025316','It Happened One Night',1934,105,'Passed',NULL),('0027977','Modern Times',1936,87,'G',163577),('0031381','Gone with the Wind',1939,238,'Passed',200882193),('0031679','Mr. Smith Goes to Washington',1939,129,'Passed',144738),('0032138','The Wizard of Oz',1939,102,'G',24668669),('0032551','The Grapes of Wrath',1940,129,'Passed',NULL),('0032553','The Great Dictator',1940,125,'G',NULL),('0032976','Rebecca',1940,130,'Approved',NULL),('0033467','Citizen Kane',1941,119,'PG',1627530),('0034583','Casablanca',1942,102,'PG',4219709),('0035446','To Be or Not to Be',1942,99,'Passed',3270000),('0036775','Double Indemnity',1944,107,'Passed',NULL),('0036868','The Best Years of Our Lives',1946,170,'Approved',23650000),('0038650','It\'s a Wonderful Life',1946,130,'PG',1483643),('0040522','Bicycle Thieves',1948,89,'Unrated',371111),('0040897','The Treasure of the Sierra Madre',1948,126,'Passed',5014000),('0041959','The Third Man',1949,93,'Approved',1067364),('0042192','All About Eve',1950,138,'Passed',63463),('0042876','Rashomon',1950,88,'Unrated',46808),('0043014','Sunset Blvd.',1950,110,'Passed',299645),('0044741','Ikiru',1952,143,'Unrated',60239),('0045152','Singin\' in the Rain',1952,103,'G',1884537),('0046268','The Wages of Fear',1953,131,'Unrated',NULL),('0046438','Tokyo Story',1953,136,'Unrated',NULL),('0046912','Dial M for Murder',1954,105,'PG',24845),('0047296','On the Waterfront',1954,108,'Approved',NULL),('0047396','Rear Window',1954,112,'PG',36764313),('0047478','Seven Samurai',1954,207,'Unrated',318649),('0050083','12 Angry Men',1957,96,'Approved',NULL),('0050212','The Bridge on the River Kwai',1957,161,'PG',27200000),('0050825','Paths of Glory',1957,88,'Approved',NULL),('0050976','The Seventh Seal',1957,96,'Unrated',NULL),('0050986','Wild Strawberries',1957,91,'Unrated',NULL),('0051201','Witness for the Prosecution',1957,116,'Approved',NULL),('0052357','Vertigo',1958,128,'PG',7705225),('0052618','Ben-Hur',1959,212,'G',74432704),('0053125','North by Northwest',1959,136,'Approved',66728),('0053198','The 400 Blows',1959,99,'Unrated',509),('0053291','Some Like It Hot',1959,121,'Passed',NULL),('0053604','The Apartment',1960,125,'Approved',18600000),('0054215','Psycho',1960,109,'R',32000000),('0055031','Judgment at Nuremberg',1961,179,'Approved',NULL),('0055630','Yojimbo',1961,110,'Unrated',46808),('0056058','Harakiri',1962,133,'Unrated',NULL),('0056172','Lawrence of Arabia',1962,218,'Approved',45306425),('0056592','To Kill a Mockingbird',1962,129,'Approved',592237),('0057012','Dr. Strangelove or: How I Learned to Stop Worrying and Love the Bomb',1964,95,'PG',9440272),('0057115','The Great Escape',1963,172,'Approved',NULL),('0057565','High and Low',1963,143,'Unrated',46808),('0058946','The Battle of Algiers',1966,121,'Unrated',879794),('0059578','For a Few Dollars More',1965,132,'R',15000000),('0059742','The Sound of Music',1965,172,'G',159287539),('0060196','The Good, the Bad and the Ugly',1966,178,'Approved',25100000),('0061512','Cool Hand Luke',1967,127,'GP',NULL),('0062622','2001: A Space Odyssey',1968,149,'G',60481243),('0064116','Once Upon a Time in the West',1968,166,'PG-13',5321508),('0066921','A Clockwork Orange',1971,136,'X',26617553),('0068646','The Godfather',1972,175,'R',136381073),('0070047','The Exorcist',1973,122,'R',233005644),('0070735','The Sting',1973,129,'PG',156000000),('0071315','Chinatown',1974,130,'R',29200000),('0071562','The Godfather Part II',1974,202,'R',47834595),('0071853','Monty Python and the Holy Grail',1975,91,'PG',2562392),('0072684','Barry Lyndon',1975,185,'PG',NULL),('0073195','Jaws',1975,124,'PG',266567580),('0073486','One Flew Over the Cuckoo\'s Nest',1975,133,'R',108981275),('0074958','Network',1976,121,'R',23689877),('0075148','Rocky',1976,120,'PG',117235147),('0075314','Taxi Driver',1976,114,'R',28262574),('0076759','Star Wars: Episode IV - A New Hope',1977,121,'PG',460998507),('0077416','The Deer Hunter',1978,183,'R',48979328),('0078748','Alien',1979,117,'R',81900459),('0078788','Apocalypse Now',1979,147,'R',96042913),('0080678','The Elephant Man',1980,124,'PG',26010864),('0080684','Star Wars: Episode V - The Empire Strikes Back',1980,124,'PG',292753960),('0081398','Raging Bull',1980,129,'R',23383987),('0081505','The Shining',1980,146,'R',45634352),('0082096','The Boat',1981,149,'Unrated',11487676),('0082971','Raiders of the Lost Ark',1981,115,'PG',248159971),('0083658','Blade Runner',1982,117,'R',32914489),('0084787','The Thing',1982,109,'R',19857465),('0086190','Star Wars: Episode VI - Return of the Jedi',1983,131,'PG',316566101),('0086250','Scarface',1983,170,'18+',45967303),('0086879','Amadeus',1984,160,'PG',51973029),('0087843','Once Upon a Time in America',1984,229,'R',5321508),('0088247','The Terminator',1984,107,'R',38371200),('0088763','Back to the Future',1985,116,'PG',214077472),('0089881','Ran',1985,160,'R',4135750),('0090605','Aliens',1986,137,'R',85160248),('0091251','Come and See',1985,142,'Unrated',71909),('0091763','Platoon',1986,120,'R',138530565),('0092005','Stand by Me',1986,89,'R',52287414),('0093058','Full Metal Jacket',1987,116,'R',46357676),('0095016','Die Hard',1988,132,'R',85892546),('0095327','Grave of the Fireflies',1988,89,'Unrated',516962),('0095765','Cinema Paradiso',1988,155,'PG',12397210),('0096283','My Neighbor Totoro',1988,86,'G',2250213),('0097165','Dead Poets Society',1989,128,'PG',95860116),('0097576','Indiana Jones and the Last Crusade',1989,127,'PG-13',197171806),('0099685','Goodfellas',1990,145,'R',46909721),('0102926','The Silence of the Lambs',1991,118,'R',130742922),('0103064','Terminator 2: Judgment Day',1991,137,'R',205881154),('0103639','Aladdin',1992,90,'G',217350219),('0105236','Reservoir Dogs',1992,99,'R',2832029),('0105695','Unforgiven',1992,130,'R',101167799),('0107048','Groundhog Day',1993,101,'PG',71107962),('0107207','In the Name of the Father',1993,133,'R',25096862),('0107290','Jurassic Park',1993,127,'PG-13',407185075),('0108052','Schindler\'s List',1993,195,'R',96898818),('0109830','Forrest Gump',1994,142,'PG-13',330455270),('0110357','The Lion King',1994,88,'G',422783777),('0110413','Lon: The Professional',1994,110,'R',19501238),('0110912','Pulp Fiction',1994,154,'R',107928762),('0111161','The Shawshank Redemption',1994,142,'R',28767189),('0112471','Before Sunrise',1995,101,'R',5535405),('0112573','Braveheart',1995,178,'R',75609945),('0112641','Casino',1995,178,'R',42512375),('0113247','La haine',1995,98,'Unrated',280859),('0113277','Heat',1995,170,'R',67436818),('0114369','Se7en',1995,127,'R',100125643),('0114709','Toy Story',1995,81,'G',223225679),('0114814','The Usual Suspects',1995,106,'R',23341568),('0116282','Fargo',1996,98,'R',24611975),('0117951','Trainspotting',1996,93,'R',16491080),('0118715','The Big Lebowski',1998,117,'R',19301403),('0118799','Life Is Beautiful',1997,116,'PG-13',57563264),('0118849','Children of Heaven',1997,89,'PG',933933),('0119217','Good Will Hunting',1997,126,'R',138433435),('0119488','L.A. Confidential',1997,138,'R',64616940),('0119698','Princess Mononoke',1997,134,'PG-13',4845631),('0120382','The Truman Show',1998,103,'PG',125618201),('0120586','American History X',1998,119,'R',6719864),('0120689','The Green Mile',1999,189,'R',136801374),('0120735','Lock, Stock and Two Smoking Barrels',1998,107,'R',3753929),('0120737','The Lord of the Rings: The Fellowship of the Ring',2001,178,'PG-13',316115420),('0120815','Saving Private Ryan',1998,169,'R',217049603),('0129167','The Iron Giant',1999,86,'PG',23315035),('0133093','The Matrix',1999,136,'R',172076928),('0137523','Fight Club',1999,139,'R',37030102),('0167260','The Lord of the Rings: The Return of the King',2003,201,'PG-13',379427292),('0167261','The Lord of the Rings: The Two Towers',2002,179,'PG-13',342952511),('0167404','The Sixth Sense',1999,107,'PG-13',293506292),('0169547','American Beauty',1999,122,'R',130096601),('0172495','Gladiator',2000,155,'R',187705427),('0180093','Requiem for a Dream',2000,102,'Unrated',3635482),('0198781','Monsters, Inc.',2001,92,'G',290642256),('0208092','Snatch',2000,102,'R',30328156),('0209144','Memento',2000,113,'R',25544867),('0211915','Amlie',2001,122,'R',33225499),('0245429','Spirited Away',2001,125,'PG',15205725),('0245712','Amores Perros',2000,154,'R',5408467),('0253474','The Pianist',2002,150,'R',32572577),('0264464','Catch Me If You Can',2002,141,'PG-13',164615351),('0266543','Finding Nemo',2003,100,'G',380843261),('0266697','Kill Bill: Vol. 1',2003,111,'R',70099045),('0268978','A Beautiful Mind',2001,135,'PG-13',170742341),('0317248','City of God',2002,130,'R',7564459),('0317705','The Incredibles',2004,115,'PG',261441092),('0325980','Pirates of the Caribbean: The Curse of the Black Pearl',2003,143,'PG-13',305413918),('0338013','Eternal Sunshine of the Spotless Mind',2004,108,'R',34400301),('0347149','Howl\'s Moving Castle',2004,119,'PG',6789268),('0353969','Memories of Murder',2003,132,'Unrated',15357),('0361748','Inglourious Basterds',2009,153,'R',120540719),('0363163','Downfall',2004,156,'R',5509040),('0364569','Oldboy',2003,120,'R',2458200),('0372784','Batman Begins',2005,140,'PG-13',206863479),('0381681','Before Sunset',2004,80,'R',5820649),('0382932','Ratatouille',2007,111,'G',206445654),('0395169','Hotel Rwanda',2004,121,'PG-13',23530892),('0405094','The Lives of Others',2006,137,'R',11286112),('0405159','Million Dollar Baby',2004,132,'PG-13',100492203),('0407887','The Departed',2006,151,'R',132399394),('0434409','V for Vendetta',2005,132,'R',70511035),('0435761','Toy Story 3',2010,103,'G',415004880),('0457430','Pan\'s Labyrinth',2006,118,'R',37646380),('0468569','The Dark Knight',2008,152,'PG-13',534987076),('0469494','There Will Be Blood',2007,158,'R',40222514),('0476735','My Father and My Son',2005,112,'Unrated',NULL),('0477348','No Country for Old Men',2007,122,'R',74283625),('0482571','The Prestige',2006,130,'PG-13',53089891),('0758758','Into the Wild',2007,148,'R',18354356),('0816692','Interstellar',2014,169,'PG-13',188020017),('0892769','How to Train Your Dragon',2010,98,'PG',217581231),('0910970','WALLE',2008,98,'G',223808164),('0978762','Mary and Max',2009,92,'Unrated',NULL),('0986264','Like Stars on Earth',2007,162,'PG',1223869),('0993846','The Wolf of Wall Street',2013,180,'R',116900694),('10272386','The Father',2020,97,'PG-13',2122771),('1028532','Hachi: A Dog\'s Tale',2009,93,'G',NULL),('1049413','Up',2009,96,'PG',293004164),('10872600','Spider-Man: No Way Home',2021,148,'PG-13',814115070),('1130884','Shutter Island',2010,138,'R',128012934),('1187043','3 Idiots',2009,170,'PG-13',6532874),('1201607','Harry Potter and the Deathly Hallows: Part 2',2011,130,'PG-13',381447587),('1205489','Gran Torino',2008,116,'R',148095302),('1255953','Incendies',2010,131,'R',2071334),('1291584','Warrior',2011,140,'PG-13',13657115),('1305806','The Secret in Their Eyes',2009,129,'R',6391436),('1345836','The Dark Knight Rises',2012,164,'PG-13',448149584),('1375666','Inception',2010,148,'PG-13',292587330),('1392190','Mad Max: Fury Road',2015,120,'R',154280290),('1392214','Prisoners',2013,153,'R',61002302),('14230458','Poor Things',2023,141,'R',24792797),('1454029','The Help',2011,146,'PG-13',169708112),('15097216','Jai Bhim',2021,164,'TV-MA',NULL),('15398776','Oppenheimer',2023,180,'R',328159000),('1675434','The Intouchables',2011,112,'R',10198820),('1745960','Top Gun: Maverick',2022,130,'PG-13',718732821),('1832382','A Separation',2011,123,'PG-13',7099055),('1853728','Django Unchained',2012,165,'R',162805434),('1895587','Spotlight',2015,129,'R',45055776),('1950186','Ford v Ferrari',2019,152,'PG-13',117624357),('1979320','Rush',2013,123,'R',26947624),('2024544','12 Years a Slave',2013,134,'R',56671993),('2096673','Inside Out',2015,95,'PG',356921711),('2106476','The Hunt',2012,115,'R',613308),('2119532','Hacksaw Ridge',2016,139,'R',67209615),('2267998','Gone Girl',2014,149,'R',167767189),('2278388','The Grand Budapest Hotel',2014,99,'R',59301324),('23289160','Godzilla Minus One',2023,124,'PG-13',55009463),('2380307','Coco',2017,105,'PG',210460015),('23849204','12th Fail',2023,147,'Unrated',NULL),('2582802','Whiplash',2014,106,'R',13092000),('3011894','Wild Tales',2014,122,'R',3106530),('3170832','Room',2015,118,'R',14677654),('3315342','Logan',2017,137,'R',226277068),('4016934','The Handmaiden',2016,145,'Unrated',2006788),('4154756','Avengers: Infinity War',2018,149,'PG-13',678815482),('4154796','Avengers: Endgame',2019,181,'PG-13',858373000),('4430212','Drishyam',2015,163,'Unrated',NULL),('4633694','Spider-Man: Into the Spider-Verse',2018,117,'PG',190241310),('4729430','Klaus',2019,96,'PG',NULL),('5027774','Three Billboards Outside Ebbing, Missouri',2017,115,'R',54513740),('5074352','Dangal',2016,161,'Unrated',12391761),('5311514','Your Name.',2016,106,'TV-PG',5017246),('6751668','Parasite',2019,132,'R',53369749),('6966692','Green Book',2018,130,'PG-13',85080171),('7286456','Joker',2019,122,'R',335477657),('8267604','Capernaum',2018,126,'R',1661096),('8503618','Hamilton',2020,160,'PG-13',NULL),('8579674','1917',2019,119,'R',159227644),('9362722','Spider-Man: Across the Spider-Verse',2023,140,'PG',381564921);
/*!40000 ALTER TABLE `movie` ENABLE KEYS */;
UNLOCK TABLES;

--
-- Table structure for table `person`
--

DROP TABLE IF EXISTS `person`;
/*!40101 SET @saved_cs_client     = @@character_set_client */;
/*!50503 SET character_set_client = utf8mb4 */;
CREATE TABLE `person` (
  `id` varchar(8) NOT NULL,
  `Name` varchar(32) DEFAULT NULL,
  PRIMARY KEY (`id`)
) ENGINE=InnoDB DEFAULT CHARSET=utf8mb4 COLLATE=utf8mb4_0900_ai_ci;
/*!40101 SET character_set_client = @saved_cs_client */;

--
-- Dumping data for table `person`
--

LOCK TABLES `person` WRITE;
/*!40000 ALTER TABLE `person` DISABLE KEYS */;
INSERT INTO `person` VALUES ('0000005','Ingmar Bergman'),('0000006','Ingrid Bergman'),('0000007','Humphrey Bogart'),('0000008','Marlon Brando'),('0000012','Bette Davis'),('0000017','Marlene Dietrich'),('0000018','Kirk Douglas'),('0000020','Henry Fonda'),('0000021','Joan Fontaine'),('0000022','Clark Gable'),('0000023','Judy Garland'),('0000026','Cary Grant'),('0000027','Alec Guinness'),('0000032','Charlton Heston'),('0000033','Alfred Hitchcock'),('0000034','William Holden'),('0000036','Buster Keaton'),('0000037','Gene Kelly'),('0000038','Grace Kelly'),('0000040','Stanley Kubrick'),('0000041','Akira Kurosawa'),('0000044','Burt Lancaster'),('0000046','Vivien Leigh'),('0000048','Peter Lorre'),('0000051','James Mason'),('0000054','Marilyn Monroe'),('0000056','Paul Newman'),('0000059','Laurence Olivier'),('0000060','Gregory Peck'),('0000061','Tyrone Power'),('0000063','Anthony Quinn'),('0000064','Edward G. Robinson'),('0000071','James Stewart'),('0000075','Spencer Tracy'),('0000076','Franois Truffaut'),('0000080','Orson Welles'),('0000092','John Cleese'),('0000093','Brad Pitt'),('0000098','Jennifer Aniston'),('0000108','Luc Besson'),('0000111','Matthew Broderick'),('0000114','Steve Buscemi'),('0000116','James Cameron'),('0000118','John Carpenter'),('0000120','Jim Carrey'),('0000122','Charles Chaplin'),('0000124','Jennifer Connelly'),('0000125','Sean Connery'),('0000128','Russell Crowe'),('0000129','Tom Cruise'),('0000134','Robert De Niro'),('0000136','Johnny Depp'),('0000138','Leonardo DiCaprio'),('0000142','Clint Eastwood'),('0000146','Ralph Fiennes'),('0000148','Harrison Ford'),('0000149','Jodie Foster'),('0000150','Michael J. Fox'),('0000151','Morgan Freeman'),('0000152','Richard Gere'),('0000154','Mel Gibson'),('0000156','Jeff Goldblum'),('0000157','Linda Hamilton'),('0000158','Tom Hanks'),('0000160','Ethan Hawke'),('0000164','Anthony Hopkins'),('0000165','Ron Howard'),('0000168','Samuel L. Jackson'),('0000169','Tommy Lee Jones'),('0000172','Harvey Keitel'),('0000174','Val Kilmer'),('0000175','Stephen King'),('0000180','David Lean'),('0000184','George Lucas'),('0000186','David Lynch'),('0000190','Matthew McConaughey'),('0000191','Ewan McGregor'),('0000194','Julianne Moore'),('0000195','Bill Murray'),('0000197','Jack Nicholson'),('0000198','Gary Oldman'),('0000199','Al Pacino'),('0000201','Michelle Pfeiffer'),('0000203','River Phoenix'),('0000204','Natalie Portman'),('0000206','Keanu Reeves'),('0000209','Tim Robbins'),('0000216','Arnold Schwarzenegger'),('0000217','Martin Scorsese'),('0000221','Charlie Sheen'),('0000228','Kevin Spacey'),('0000229','Steven Spielberg'),('0000230','Sylvester Stallone'),('0000231','Oliver Stone'),('0000232','Sharon Stone'),('0000233','Quentin Tarantino'),('0000234','Charlize Theron'),('0000235','Uma Thurman'),('0000237','John Travolta'),('0000244','Sigourney Weaver'),('0000245','Robin Williams'),('0000246','Bruce Willis'),('0000249','James Woods'),('0000255','Ben Affleck'),('0000260','Joan Allen'),('0000261','Karen Allen'),('0000267','Julie Andrews'),('0000277','Richard Attenborough'),('0000288','Christian Bale'),('0000297','Tom Berenger'),('0000299','Michael Biehn'),('0000301','Thora Birch'),('0000304','Linda Blair'),('0000313','Jeff Bridges'),('0000314','Charles Bronson'),('0000321','Gabriel Byrne'),('0000323','Michael Caine'),('0000332','Don Cheadle'),('0000338','Francis Ford Coppola'),('0000341','Michael Crichton'),('0000345','Billy Crystal'),('0000348','Tony Curtis'),('0000349','Joan Cusack'),('0000350','Beverly D\'Angelo'),('0000352','Vincent D\'Onofrio'),('0000353','Willem Dafoe'),('0000354','Matt Damon'),('0000358','Daniel Day-Lewis'),('0000361','Brian De Palma'),('0000365','Julie Delpy'),('0000368','Laura Dern'),('0000375','Robert Downey Jr.'),('0000377','Richard Dreyfuss'),('0000380','Robert Duvall'),('0000388','R. Lee Ermey'),('0000397','Corey Feldman'),('0000399','David Fincher'),('0000401','Laurence Fishburne'),('0000402','Carrie Fisher'),('0000406','John Ford'),('0000411','Edward Furlong'),('0000416','Terry Gilliam'),('0000422','John Goodman'),('0000432','Gene Hackman'),('0000434','Mark Hamill'),('0000435','Daryl Hannah'),('0000436','Curtis Hanson'),('0000437','Woody Harrelson'),('0000438','Ed Harris'),('0000439','Neil Patrick Harris'),('0000442','Rutger Hauer'),('0000450','Philip Seymour Hoffman'),('0000456','Holly Hunter'),('0000457','John Hurt'),('0000460','Jeremy Irons'),('0000466','Jean-Pierre Jeunet'),('0000469','James Earl Jones'),('0000474','Michael Keaton'),('0000485','Fritz Lang'),('0000493','Jack Lemmon'),('0000494','Robert Sean Leonard'),('0000500','Richard Linklater'),('0000501','Ray Liotta'),('0000502','Christopher Lloyd'),('0000510','Andie MacDowell'),('0000511','Shirley MacLaine'),('0000513','William H. Macy'),('0000514','Michael Madsen'),('0000520','Michael Mann'),('0000521','Sophie Marceau'),('0000531','Frances McDormand'),('0000532','Malcolm McDowell'),('0000537','Steve McQueen'),('0000546','Matthew Modine'),('0000553','Liam Neeson'),('0000554','Sam Neill'),('0000560','Nick Nolte'),('0000564','Peter O\'Toole'),('0000576','Sean Penn'),('0000578','Anthony Perkins'),('0000581','Joseph L. Mankiewicz'),('0000582','Joe Pesci'),('0000583','Wolfgang Petersen'),('0000591','Roman Polanski'),('0000592','Pete Postlethwaite'),('0000601','Harold Ramis'),('0000602','Robert Redford'),('0000606','Jean Reno'),('0000614','Alan Rickman'),('0000619','Tim Roth'),('0000621','Kurt Russell'),('0000631','Ridley Scott'),('0000634','Peter Sellers'),('0000640','Martin Sheen'),('0000641','Gary Sinise'),('0000643','Tom Skerritt'),('0000670','Lea Thompson'),('0000681','Vince Vaughn'),('0000683','Gore Vidal'),('0000686','Christopher Walken'),('0000696','Wil Wheaton'),('0000697','Billy Wilder'),('0000701','Kate Winslet'),('0000704','Elijah Wood'),('0000705','Robin Wright'),('0000707','Sean Young'),('0000709','Robert Zemeckis'),('0000719','F. Murray Abraham'),('0000741','Tim Allen'),('0000759','Paul Thomas Anderson'),('0000761','Bibi Andersson'),('0000763','Dana Andrews'),('0000783','Dario Argento'),('0000795','Jean Arthur'),('0000799','Edward Asner'),('0000812','Roger Avary'),('0000814','John G. Avildsen'),('0000842','Martin Balsam'),('0000843','Anne Bancroft'),('0000849','Javier Bardem'),('0000859','Lionel Barrymore'),('0000874','Steven Bauer'),('0000879','Anne Baxter'),('0000889','Bonnie Bedelia'),('0000895','Barbara Bel Geddes'),('0000905','Roberto Benigni'),('0000906','Annette Bening'),('0000912','Jack Benny'),('0000931','Elizabeth Berridge'),('0000963','Stephen Boyd'),('0000965','Danny Boyle'),('0000971','Nicoletta Braschi'),('0000973','Benjamin Bratt'),('0000979','Wilford Brimley'),('0000982','Josh Brolin'),('0000983','Albert Brooks'),('0000995','Ellen Burstyn'),('0001001','James Caan'),('0001008','Frank Capra'),('0001012','Claudia Cardinale'),('0001016','David Carradine'),('0001017','John Carradine'),('0001030','John Cazale'),('0001037','Graham Chapman'),('0001047','Michael Cimino'),('0001050','Montgomery Clift'),('0001053','Ethan Coen'),('0001054','Joel Coen'),('0001055','Claudette Colbert'),('0001057','Toni Collette'),('0001065','Harry Connick Jr.'),('0001067','Jackie Coogan'),('0001072','Joseph Cotten'),('0001104','Frank Darabont'),('0001120','Vittorio De Sica'),('0001122','Ellen DeGeneres'),('0001129','Jonathan Demme'),('0001140','Philip K. Dick'),('0001158','Keir Dullea'),('0001159','Faye Dunaway'),('0001167','Shelley Duvall'),('0001173','Aaron Eckhart'),('0001221','Louise Fletcher'),('0001232','Milos Forman'),('0001243','William Friedkin'),('0001258','James Garner'),('0001277','Scott Glenn'),('0001291','Rupert Graves'),('0001294','Graham Greene'),('0001328','Howard Hawks'),('0001330','Sterling Hayden'),('0001338','Brian Helgeland'),('0001343','Carrie Henn'),('0001351','George Roy Hill'),('0001353','Walter Hill'),('0001354','Ciarn Hinds'),('0001371','Tom Hulce'),('0001379','John Huston'),('0001385','Eric Idle'),('0001392','Peter Jackson'),('0001402','Terry Jones'),('0001410','Lawrence Kasdan'),('0001415','Elia Kazan'),('0001416','Catherine Keener'),('0001421','George Kennedy'),('0001426','Ben Kingsley'),('0001452','Charles Laughton'),('0001463','Janet Leigh'),('0001466','Sergio Leone'),('0001467','Jared Leto'),('0001473','Laura Linney'),('0001479','Carole Lombard'),('0001485','Myrna Loy'),('0001486','Sidney Lumet'),('0001500','Karl Malden'),('0001510','Strother Martin'),('0001526','Patrick McGoohan'),('0001527','Elizabeth McGovern'),('0001532','John McTiernan'),('0001533','Meat Loaf'),('0001536','Toshir Mifune'),('0001537','Ray Milland'),('0001538','Jonny Lee Miller'),('0001550','Cathy Moriarty'),('0001556','David Morse'),('0001557','Viggo Mortensen'),('0001567','Connie Nielsen'),('0001570','Edward Norton'),('0001571','Kim Novak'),('0001590','Chazz Palminteri'),('0001592','Joe Pantoliano'),('0001602','Guy Pearce'),('0001618','Joaquin Phoenix'),('0001626','Christopher Plummer'),('0001638','Jrgen Prochnow'),('0001647','Claude Rains'),('0001652','John Ratzenberger'),('0001656','Donna Reed'),('0001661','Rob Reiner'),('0001666','Debbie Reynolds'),('0001691','Geoffrey Rush'),('0001693','Eva Marie Saint'),('0001695','George Sanders'),('0001702','Roy Scheider'),('0001707','Paul Schrader'),('0001715','George C. Scott'),('0001727','Robert Shaw'),('0001732','Cybill Shepherd'),('0001735','Talia Shire'),('0001741','Bryan Singer'),('0001744','Tom Sizemore'),('0001766','Barbara Stanwyck'),('0001772','Patrick Stewart'),('0001801','Robert Towne'),('0001812','Lee Van Cleef'),('0001814','Gus Van Sant'),('0001825','Andrew Kevin Walker'),('0001837','Peter Weir'),('0001847','Richard Widmark'),('0001873','Steven Zaillian'),('0001884','Max von Sydow'),('0001940','Peter Benchley'),('0001943','Marisa Berenson'),('0001961','Ray Bolger'),('0001971','Ewen Bremner'),('0001993','Vincent Cassel'),('0002005','Agatha Christie'),('0002009','Arthur C. Clarke'),('0002011','Lee J. Cobb'),('0002030','George Cukor'),('0002031','Michael Curtiz'),('0002034','Jane Darwell'),('0002045','Stanley Donen'),('0002075','Peter Finch'),('0002076','Jason Flemyng'),('0002077','Dexter Fletcher'),('0002104','Paulette Goddard'),('0002120','Lasse Hallstrm'),('0002134','Paul Henreid'),('0002144','John Houseman'),('0002154','Alfred Abel'),('0002231','Gian Maria Volont'),('0002233','Erich von Stroheim'),('0002728','Juan Jos Campanella'),('0003160','Christopher McQuarrie'),('0003433','Carl Theodor Dreyer'),('0003506','James Mangold'),('0003697','Florian Henckel von Donnersmarck'),('0003817','Michael Clarke Duncan'),('0004056','Andrew Stanton'),('0004122','Robert Bolt'),('0004170','Bob Kane'),('0004266','Anne Hathaway'),('0004306','George Miller'),('0004486','Bruno Ganz'),('0004716','Darren Aronofsky'),('0004778','Adrien Brody'),('0004802','Linda Cardellini'),('0004937','Jamie Foxx'),('0004951','Brad Garrett'),('0005036','Gale Anne Hurd'),('0005124','John Lasseter'),('0005132','Heath Ledger'),('0005212','Ian McKellen'),('0005222','Sam Mendes'),('0005251','Carrie-Anne Moss'),('0005266','Craig T. Nelson'),('0005286','Haley Joel Osment'),('0005363','Guy Ritchie'),('0005377','Sam Rockwell'),('0005403','Jason Schwartzman'),('0005458','Jason Statham'),('0005476','Hilary Swank'),('0006452','Stanley Kramer'),('0006487','Jim Sheridan'),('0006498','Majid Majidi'),('0006765','Vidhu Vinod Chopra'),('0006872','Sergio Donati'),('0007102','Tabu'),('0007646','Frank Abagnale Jr.'),('0010696','Ales Adamovich'),('0011343','Samuel Hopkins Adams'),('0015611','Rynosuke Akutagawa'),('0017690','Matthew Aldrich'),('0021249','Roger Allers'),('0023832','Mathieu Amalric'),('0027572','Wes Anderson'),('0037247','Guillermo Arriaga'),('0041066','Antonella Attili'),('0044073','Lubna Azabal'),('0047962','Chieko Baish'),('0050332','Alan Ball'),('0051509','Eric Bana'),('0059030','Luigi Bartolini'),('0059431','Jay Baruchel'),('0060988','Michael Bates'),('0064181','Stuart Beattie'),('0067789','Jordan Belfort'),('0073053','Leonardo Benvenuti'),('0074788','Henry Bergman'),('0075015','Eric Bergren'),('0075551','Andr Berley'),('0077720','Michael Berryman'),('0080755','Oreste Biancoli'),('0083348','Brad Bird'),('0085038','Gunnar Bjrnstrand'),('0085400','Lewis Black'),('0087861','William Peter Blatty'),('0088645','Robert Bloch'),('0089217','Orlando Bloom'),('0090151','Jeffrey Boam'),('0090213','Al Boasberg'),('0092267','Pierre Boileau'),('0094435','Bong Joon Ho'),('0099541','Pierre Boulle'),('0101801','F.X. Toole'),('0101991','Philippa Boyens'),('0102818','Charles Brackett'),('0102824','Leigh Brackett'),('0108595','Paul Brickhill'),('0108703','Sean Bridgers'),('0115669','Clyde Bruckman'),('0117709','Daniel Brhl'),('0118164','Lothar G. Buchheim'),('0118227','Sidney Buchman'),('0121256','Anthony Burgess'),('0122446','W.R. Burnett'),('0123785','Ben Burtt'),('0124930','Gerard Butler'),('0125336','Jez Butterworth'),('0128906','James M. Cain'),('0132168','John W. Campbell Jr.'),('0134073','Enzo Cannavale'),('0134493','Giorgio Cantarini'),('0135296','Jim Capobianco'),('0136794','Lianella Carell'),('0139714','Harry Carr'),('0141734','Joseph Carter'),('0143596','Jim Cash'),('0147070','Glen Cavender'),('0148437','Vincenzo Cerami'),('0151452','Raymond Chandler'),('0153738','Daveigh Chase'),('0154665','Paddy Chayefsky'),('0156039','Virginia Cherrill'),('0158856','Choi Min-sik'),('0159039','Felix Chong'),('0165412','James Clavell'),('0166256','Ron Clements'),('0167241','Henri-Georges Clouzot'),('0167388','Franois Cluzet'),('0173679','Betty Comden'),('0173827','Dorothy Comingore'),('0174840','Gerry Conlon'),('0175333','Myles Connolly'),('0175369','Walter Connolly'),('0178785','Alec Coppel'),('0179819','Wendell Corey'),('0185976','Peter Craig'),('0188357','Harry Crocker'),('0188949','Alison Crosbie'),('0189496','Russel Crouse'),('0191717','Jill Culton'),('0191950','Robert Cummings'),('0192942','Brian Hayes Currie'),('0200452','Paul Dano'),('0201857','Ricardo Darn'),('0202966','Keith David'),('0204030','William Davies'),('0205626','Viola Davis'),('0207401','Piero De Bernardi'),('0211823','Steven E. de Souza'),('0212246','Christopher De Vore'),('0213450','Dean DeBlois'),('0215455','Ronnie Del Carmen'),('0217865','Joseph Delteil'),('0222426','Ajay Devgn'),('0224634','I.A.L. Diamond'),('0229943','Vernon Dobtcheff'),('0230032','Pete Docter'),('0233145','Alison Doody'),('0233561','Cliff Dorfman'),('0237543','Hal Dresner'),('0238898','Daphne Du Maurier'),('0246386','Mlissa Dsormeaux-Poulin'),('0248408','Emilio Echevarra'),('0248600','Andrea Eckert'),('0249291','Joel Edgerton'),('0251536','Bernd Eichinger'),('0252230','Chiwetel Ejiofor'),('0252345','Bengt Ekerot'),('0254178','Adam Elliot'),('0254402','Chris Elliott'),('0254645','Ted Elliott'),('0255278','James Ellroy'),('0258390','Jack Epps Jr.'),('0258493','Julius J. Epstein'),('0258525','Philip G. Epstein'),('0262595','Bruce A. Evans'),('0262635','Chris Evans'),('0266029','Maria Falconetti'),('0266684','Hampton Fancher'),('0268380','Peter Farrelly'),('0268488','Amir Farrokh Hashemian'),('0275264','Joachim Fest'),('0275286','David S. Goyer'),('0277975','Frank Finlay'),('0281808','Victor Fleming'),('0285210','Horton Foote'),('0286025','Carl Foreman'),('0287931','Lewis R. Foster'),('0291082','Scott Frank'),('0291905','David Franzoni'),('0293550','Paul Freeman'),('0297054','Gustav Frhlich'),('0301274','Neil Gaiman'),('0301826','Bob Gale'),('0305558','Gael Garca Bernal'),('0307311','Louis Garfinkle'),('0307531','Jeff Garlin'),('0308177','Oliver H.P. Garrett'),('0309107','Tatsuya Gashin'),('0309693','Mark Gatiss'),('0309945','Maxim Gaudette'),('0311476','Martina Gedeck'),('0313570','Peter George'),('0313623','Terry George'),('0316701','Mary Gibbs'),('0317279','Raynold Gideon'),('0317725','Ariadna Gil'),('0318429','David Giler'),('0325743','Bo Goldman'),('0326040','Akiva Goldsman'),('0327273','Michel Gondry'),('0327944','Alejandro G. Irritu'),('0329304','Frances Goodrich'),('0330687','Joseph Gordon-Levitt'),('0331956','Carl Gottlieb'),('0334318','Stephen Graham'),('0334882','Daro Grandinetti'),('0337582','Adolph Green'),('0338169','Michael Green'),('0340580','Harry Grey'),('0342488','Rupert Grint'),('0343165','Winston Groom'),('0344963','Herbert Grnemeyer'),('0348409','Bob Gunton'),('0350453','Jake Gyllenhaal'),('0350823','Jrme Gronimi'),('0352443','Albert Hackett'),('0352778','Bill Hader'),('0352835','Brahim Hadjadj'),('0353673','Paul Haggis'),('0358960','Christopher Hampton'),('0362766','Tom Hardy'),('0365383','Thomas Harris'),('0365661','Joan Harrison'),('0367838','Ronald Harwood'),('0368007','Gustav Hasford'),('0368074','Shinobu Hashimoto'),('0368689','Leila Hatami'),('0369142','Lawrence Hauben'),('0369841','Jean C. Havez'),('0370144','Jack Hawkins'),('0371088','John Michael Hayes'),('0372942','Ben Hecht'),('0375609','Brigitte Helm'),('0380282','Michael Herr'),('0383022','Noriko Hidaka'),('0383261','Chieko Higashiyama'),('0385443','Shin\'ichi Himori'),('0386246','Rajkumar Hirani'),('0386472','Emile Hirsch'),('0386570','Oliver Hirschbiegel'),('0386750','Eijir Hisaita'),('0388076','John Hodge'),('0392529','Tim Holt'),('0393094','Ishir Honda'),('0396558','Nicholas Hoult'),('0397608','Sidney Howard'),('0400954','Ted Hughes'),('0403346','Georg Hurdalek'),('0404158','Walter Huston'),('0406157','Hmeyra'),('0406836','Masato Ide'),('0408488','Agenore Incrocci'),('0410942','Yuriko Ishida'),('0410968','Akira Ishihama'),('0412615','Shima Iwashita'),('0413168','Hugh Jackman'),('0414825','Egon Jacobsohn'),('0424060','Scarlett Johansson'),('0424956','Diane Johnson'),('0425711','Malcolm Johnson'),('0425913','Nunnally Johnson'),('0429069','Rashida Jones'),('0430785','Abhijat Joshi'),('0432622','Traudl Junge'),('0436164','Laeta Kalogridis'),('0437520','Nobuo Kaneko'),('0437969','MacKinlay Kantor'),('0440913','Mathieu Kassovitz'),('0441735','Jason Katz'),('0442109','Charlie Kaufman'),('0442241','Philip Kaufman'),('0443411','Tony Kaye'),('0444172','Joe Keaton'),('0445669','Jason Keller'),('0447745','Thomas Keneally'),('0449984','Irvin Kershner'),('0450181','Ken Kesey'),('0451148','Aamir Khan'),('0452878','Ryz Kikushima'),('0454120','Takuya Kimura'),('0459552','Elem Klimov'),('0460141','Steve Kloves'),('0460795','Andrew Knight'),('0461425','Frederick Knott'),('0462030','Masaki Kobayashi'),('0462321','Howard Koch'),('0462407','Sebastian Koch'),('0462895','David Koepp'),('0466099','Alexander Korda'),('0468003','Hubert Kound'),('0470385','Aleksey Kravchenko'),('0470981','Thomas Kretschmann'),('0471811','Kim Krizan'),('0475823','Harry Kurnitz'),('0476334','Fikret Kuskan'),('0477553','Machiko Ky'),('0483766','Jake LaMotta'),('0484111','Bill Lancaster'),('0484737','Inge Landgut'),('0486538','Noel Langley'),('0487166','Yorgos Lanthimos'),('0487884','Alexandra Maria Lara'),('0488306','Linda Larkin'),('0488917','Thomas Bo Larsen'),('0488953','Brie Larson'),('0490147','Nick Lathouris'),('0490708','Liubomiras Laucevicius'),('0491011','Guillaume Laurant'),('0494504','Anne Le Ny'),('0497369','Harper Lee'),('0498278','Stan Lee'),('0498834','Meg LeFauve'),('0499626','Ernest Lehman'),('0501872','Melchior Lengyel'),('0512231','Howard Lindsay'),('0513130','Paulo Lins'),('0515950','Danny Lloyd'),('0516972','Gary Lockwood'),('0517589','John Logan'),('0520488','Phil Lord'),('0523932','Ernst Lubitsch'),('0526199','Ktia Lund'),('0529543','Jean-Pierre Laud'),('0530365','Sergi Lpez'),('0533045','Marion Mack'),('0534045','Fred MacMurray'),('0534856','Madhavan'),('0535861','Patrick Magee'),('0536009','Lamberto Maggiorani'),('0537004','Zdenek Mahler'),('0538320','Alan Mak'),('0542534','Herman J. Mankiewicz'),('0542631','Abby Mann'),('0545298','Fredric March'),('0547349','Eli Marienthal'),('0549658','Richard Marquand'),('0551261','D.M. Marshman Jr.'),('0552483','Jean Martin'),('0555404','Mara Marull'),('0559444','Yji Matsuda'),('0559890','Ulrich Matthes'),('0561158','Claire Maurier'),('0562372','Edwin Justus Mayer'),('0564827','Tim McCanlies'),('0565068','Brendan McCarthy'),('0565092','Cormac McCarthy'),('0565336','Tom McCarthy'),('0570230','Kathryn McGuire'),('0571344','Chris McKenna'),('0571346','David McKenna'),('0574625','James McTeigue'),('0575293','Irene Mecchi'),('0576127','Ralph Meeker'),('0576345','John Megna'),('0576987','Fernando Meirelles'),('0579663','Adolphe Menjou'),('0583675','Menno Meyjes'),('0586568','Mads Mikkelsen'),('0587256','Vera Miles'),('0587518','John Milius'),('0588087','Christopher Miller'),('0591450','Rob Minkoff'),('0592135','Lin-Manuel Miranda'),('0592500','Olga Mironova'),('0593477','Joseph A. Mitchell'),('0593565','Margaret Mitchell'),('0593775','Thomas Mitchell'),('0594503','Hayao Miyazaki'),('0598971','Yves Montand'),('0602941','Nick Moran'),('0604656','Frank Morgan'),('0604948','Peter Morgan'),('0605270','Masayuki Mori'),('0607694','Fulvio Morsella'),('0607865','Emily Mortimer'),('0610115','Marcel Moussy'),('0612322','Robert Mulligan'),('0613609','Takeo Murata'),('0614165','Cillian Murphy'),('0615306','Tom Murray'),('0615780','John Musker'),('0618057','Ulrich Mhe'),('0618690','Matheus Nachtergaele'),('0619870','Mohammad Amir Naji'),('0619923','Olivier Nakache'),('0619938','Tatsuya Nakadai'),('0621586','Sylvia Nasar'),('0622288','Jeff Nathanson'),('0628704','Jinpachi Nezu'),('0629272','Andrew Niccol'),('0629933','William Nicholson'),('0633792','Kgo Noda'),('0634159','Philippe Noiret'),('0634240','Christopher Nolan'),('0634300','Jonathan Nolan'),('0636435','Akiyuki Nosaka'),('0639321','Dan O\'Bannon'),('0640307','Donald O\'Connor'),('0640334','Gavin O\'Connor'),('0641939','Ryan O\'Neal'),('0642988','Jack Oakie'),('0644823','Hideo Oguni'),('0645683','Sophie Okonedo'),('0650581','Mary Orr'),('0652663','Patton Oswalt'),('0653942','Frank Overton'),('0654868','Yasujir Ozu'),('0655053','Sergio Pablos'),('0657333','Chuck Palahniuk'),('0660031','Vanna Paoli'),('0661791','Park Chan-wook'),('0662223','Eleanor Parker'),('0668914','Donn Pearce'),('0669311','Keir Pearson'),('0672459','David Webb Peoples'),('0677037','Bob Peterson'),('0678014','Peter Savage'),('0680846','Todd Phillips'),('0680983','Elliot Page'),('0682066','Jeff Pidgeon'),('0682757','Frank Pierson'),('0683253','Rosamund Pike'),('0683380','Nicholas Pileggi'),('0684342','Jan Pinkava'),('0687189','Suzanne Pleshette'),('0688132','Amy Poehler'),('0690597','Gillo Pontecorvo'),('0701012','Edna Purviance'),('0701374','Mario Puzo'),('0705356','Daniel Radcliffe'),('0706567','Pablo Rago'),('0709056','Peter Ramsey'),('0714114','Jim Reardon'),('0715346','Carol Reed'),('0721675','David Reynolds'),('0725543','Don Rickles'),('0725983','John Ridley'),('0728307','Robert Riskin'),('0731271','Jonathan Roberts'),('0734441','Robert Rodat'),('0738918','Lou Romano'),('0741627','Reginald Rose'),('0742341','Stuart Rosenberg'),('0744429','Terry Rossio'),('0744834','Eli Roth'),('0744839','Eric Roth'),('0745247','Rodney Rothman'),('0746830','J.K. Rowling'),('0748035','Danny Rubin'),('0749263','Mark Ruffalo'),('0749363','Rufus'),('0751577','Anthony Russo'),('0751648','Joe Russo'),('0753249','Florence Ryerson'),('0753479','Chish Ry'),('0753716','Albert Rmy'),('0754272','Yacef Saadi'),('0755403','Yutaka Sada'),('0757076','Chika Sakamoto'),('0758357','Franco Solinas'),('0760778','Fatima Sana Shaikh'),('0761498','Chris Sanders'),('0770938','Robert Schenkkan'),('0775977','Budd Schulberg'),('0776114','Tom Schulman'),('0781245','Bahare Seddiqi'),('0782968','Hubert Selby Jr.'),('0787323','Peter Shaffer'),('0792845','Robert E. Sherwood'),('0793766','Takashi Shimura'),('0793881','Kaneto Shind'),('0794186','Ayano Shiraishi'),('0795953','Ronald Shusett'),('0796117','M. Night Shyamalan'),('0798564','Eugene Silvain'),('0798788','Scott Silver'),('0798899','David Silverman'),('0799777','J.K. Simmons'),('0801737','Upton Sinclair'),('0802563','Robert Siodmak'),('0803705','Victor Sjstrm'),('0814280','Song Kang-ho'),('0816143','Terry Southern'),('0818055','Octavia Spencer'),('0821041','Robert Stack'),('0821543','Enzo Staiola'),('0825010','Joseph Stefano'),('0825705','John Steinbeck'),('0835732','Jeb Stuart'),('0836328','John Sturges'),('0841501','Mack Swain'),('0841797','Gloria Swanson'),('0843213','William Sylvester'),('0844262','Wladyslaw Szpilman'),('0846480','Cary-Hiroyuki Tagawa'),('0846548','Sad Taghmaoui'),('0847054','Hitoshi Takagi'),('0847223','Isao Takahata'),('0847668','Yasuhiko Takiguchi'),('0848217','Ted Tally'),('0849100','Yko Tanaka'),('0851302','Tsutomu Tatsumi'),('0851582','Audrey Tautou'),('0853138','Samuel A. Taylor'),('0853238','Tate Taylor'),('0855417','Akira Terao'),('0856842','William Makepeace Thackeray'),('0858329','Robert Thoeren'),('0860292','Jim Thompson'),('0861636','Roderick Thorp'),('0862026','Ingrid Thulin'),('0865918','ric Toledano'),('0865949','Goya Toledo'),('0866058','J.R.R. Tolkien'),('0867391','Eijir Tno'),('0868153','Giuseppe Tornatore'),('0868219','Guillermo del Toro'),('0871252','B. Traven'),('0875477','Keiko Tsushima'),('0876562','Karl Tunberg'),('0880243','Jim Uhls'),('0881279','Lee Unkrich'),('0885014','Nick Vallelonga'),('0885098','Alida Valli'),('0886870','Peter van Eyck'),('0889024','Charles Vanel'),('0893659','Gore Verbinski'),('0896542','King Vidor'),('0897640','Mnica Villa'),('0897845','Soledad Villamil'),('0898288','Denis Villeneuve'),('0898812','Luciano Vincenzoni'),('0899121','Thomas Vinterberg'),('0902376','Thea von Harbou'),('0905152','Lilly Wachowski'),('0905154','Lana Wachowski'),('0908753','Lew Wallace'),('0908824','Randall Wallace'),('0908919','Eli Wallach'),('0909638','Fran Walsh'),('0910607','Christoph Waltz'),('0911486','David S. Ward'),('0913346','Deric Washburn'),('0913822','Ken Watanabe'),('0914612','Emma Watson'),('0915989','Hugo Weaving'),('0918334','Scott Weinger'),('0920543','Irvine Welsh'),('0921044','Klaus Wennemann'),('0927145','Ellen Widmann'),('0929489','Tom Wilkinson'),('0931324','Michael Kenneth Williams'),('0932229','Calder Willingham'),('0933858','Michael Wilson'),('0936404','Robert Wise'),('0936537','William Wisher'),('0939992','Sam Wood'),('0941138','Edgar Allan Woolf'),('0941280','Cornell Woolrich'),('0941314','Linda Woolverton'),('0941777','Sam Worthington'),('0943758','William Wyler'),('0945312','Akemi Yamaguchi'),('0945522','S Yamamura'),('0945724','Takashi Yamazaki'),('0946734','David Yates'),('0949167','Yoo Ji-tae'),('0949350','Burt Young'),('0953790','Cesare Zavattini'),('0959003','Stefan Zweig'),('0990547','Daniel Mays'),('0991810','Mahershala Ali'),('0997115','Miyu Irino'),('1002038','etin Tekindor'),('1010405','Nick Schenk'),('1010540','Terence Winter'),('1038805','Clark Cheng'),('1040556','Jon Krakauer'),('1042511','Justin K. Thompson'),('1046097','Rachel McAdams'),('1049433','Lenny Abrahamson'),('1055413','Michael Fassbender'),('1064118','Georges Arnaud'),('1071252','Alexander Gould'),('10791162','Medha Shankar'),('1082477','Omar Sy'),('1110111','Tony McNamara'),('1126340','Ryunosuke Kamiki'),('1126657','George MacKay'),('1127221','Stan Redding'),('1129884','Leandro Firmino'),('1130251','Brulio Mantovani'),('1165110','Chris Hemsworth'),('1167933','Damin Szifron'),('1168510','Diana Wynne Jones'),('1179105','Alexandre Rodrigues'),('1184258','William Monahan'),('1185849','Solomon Northup'),('1195119','Kim Min-hee'),('1206865','Alasdair Gray'),('1208167','Diane Kruger'),('1212331','Dennis Lehane'),('1212722','Benedict Cumberbatch'),('1218281','Jon Watts'),('1235292','Kim Sang-kyung'),('1238855','Germn Servidio'),('1244760','Amole Gupte'),('1256532','Jon Bernthal'),('1258797','Sarah Waters'),('1273099','Erik Sommers'),('1289434','Emily Blunt'),('1297015','Emma Stone'),('1310525','Lee Sun-kyun'),('1312575','Olivia Wilde'),('1321655','Christopher Markus'),('1321656','Stephen McFeely'),('13222819','Rajendra Sapre'),('1323286','Kwang-rim Kim'),('1323287','Kim Roe-ha'),('1328152','Shriya Saran'),('1367246','Kang Hye-jeong'),('1396121','Makoto Shinkai'),('1410028','Pierre Bismuth'),('1410815','Asghar Farhadi'),('1416431','Wajdi Mouawad'),('1419440','Ivana Baquero'),('1421814','Suriya'),('1463981','agan Irmak'),('1469236','Olivia Colman'),('1480980','Emma Donoghue'),('1502434','Leslie Odom Jr.'),('15090267','Anurag Pathak'),('1542291','Christopher Carley'),('1567113','Jessica Chastain'),('1587175','Mona Singh'),('1628380','Garon Tsuchiya'),('1646563','Sung-bo Shim'),('1690966','Joaquim Dos Santos'),('1701024','Nadine Labaki'),('1706767','Jonah Hill'),('1709264','Dave Callaham'),('1723225','Nishikant Kamat'),('1725469','Florian Zeller'),('1732981','Martin McDonagh'),('1793993','Christopher Priest'),('1802857','Josh Singer'),('1818216','Payman Maadi'),('1856097','Cho Yeo-jeong'),('1886602','Miles Teller'),('1940449','Andrew Garfield'),('1941029','Chung Seo-kyung'),('1978402','Ha Jung-woo'),('2057405','Nobuaki Minegishi'),('2082813','Zach Lewis'),('2105585','Tobias Lindholm'),('2124742','Stephen P. Lindsey'),('2130108','Bob Persichetti'),('2159926','Jake Johnson'),('2264184','Elissa Knight'),('2265326','Julian Loyola'),('2331222','David Lloyd'),('2371802','Thomas Kail'),('2375857','Ron Chernow'),('2395586','Christopher Mintz-Plasse'),('2437361','Cho Jin-woong'),('2450453','Hugo Guinness'),('2452558','Martin Sherwin'),('2540053','Tanay Chheda'),('2552034','Melissa Benoist'),('2572228','Jeethu Joseph'),('2588606','Steve McQueen'),('2594301','Darsheel Safary'),('2676052','Joseph Kosinski'),('2700235','Jim Mahoney'),('2747232','Sakura Ando'),('2764802','Jihad Hojeily'),('2794962','Hailee Steinfeld'),('2799219','Sakshi Tanwar'),('2835616','Dean-Charles Chapman'),('2937122','Adrian Molina'),('2973712','Jordan Nagai'),('3053338','Margot Robbie'),('3057402','Bee Vang'),('3109964','Brian Tyree Henry'),('3160078','Eduardo Sacheri'),('3164738','Dave Johannson'),('3179723','Upendra Sidhaye'),('3227090','Damien Chazelle'),('3284831','Kai Bird'),('3294574','Anthony Tambakis'),('3360706','Aaron Guzikowski'),('3478396','Luke Bracey'),('3543826','Kathryn Stockett'),('3582089','Carlos Martnez Lpez'),('3890871','John-Henry Butterworth'),('3918035','Zendaya'),('4034068','Valrie Beaugrand-Champagne'),('4043618','Tom Holland'),('4271336','Shameik Moore'),('4299147','Sareh Bayat'),('4318159','Nitesh Tiwari'),('4377096','T.J. Gnanavel'),('4759838','Mone Kamishiraishi'),('4778840','Philippe Pozzo di Borgo'),('4880670','Krysty Wilson-Cairns'),('4947538','Minami Hamabe'),('5016878','Jacob Tremblay'),('5038871','Annika Wedderkopp'),('5058839','Gillian Flynn'),('5358492','Kemp Powers'),('5447706','Vikrant Massey'),('5623883','Phillipa Soo'),('5645519','Anthony Gonzalez'),('5681967','Florence Lee'),('5939164','Zazie Beetz'),('6328029','Piyush Gupta'),('6328030','Nikhil Mehrotra'),('6328031','Shreyas Jain'),('6748436','Dafne Keen'),('6954008','Ryo Narita'),('7934649','Lijo Mol Jose'),('8243301','Han Jin-won'),('8402629','Jaskunwar Kohli'),('8904193','Manikandan K.'),('9744869','Joshi Anantvijay'),('9862858','Zain Al Rafeea'),('9862859','Yordanos Shiferaw'),('9862860','Boluwatife Treasure Bankole'),('9878616','Michelle Keserwany');
/*!40000 ALTER TABLE `person` ENABLE KEYS */;
UNLOCK TABLES;
/*!40103 SET TIME_ZONE=@OLD_TIME_ZONE */;

/*!40101 SET SQL_MODE=@OLD_SQL_MODE */;
/*!40014 SET FOREIGN_KEY_CHECKS=@OLD_FOREIGN_KEY_CHECKS */;
/*!40014 SET UNIQUE_CHECKS=@OLD_UNIQUE_CHECKS */;
/*!40101 SET CHARACTER_SET_CLIENT=@OLD_CHARACTER_SET_CLIENT */;
/*!40101 SET CHARACTER_SET_RESULTS=@OLD_CHARACTER_SET_RESULTS */;
/*!40101 SET COLLATION_CONNECTION=@OLD_COLLATION_CONNECTION */;
/*!40111 SET SQL_NOTES=@OLD_SQL_NOTES */;

-- Dump completed on 2024-01-30 20:53:44
